,DUB,substrate,score,DUB_Entry_name,substrate_Entry_name,DUB_Gene_name,substrate_Gene_name
2265,Q53GS9,Q8NBJ9,0.999985933303833,SNUT2_HUMAN,SIDT2_HUMAN,USP39 CGI-21 HSPC332 PRO2855,SIDT2 CGI-40 PSEC0072 UNQ685/PRO1325
2261,Q53GS9,Q9NXL6,0.999906063079834,SNUT2_HUMAN,SIDT1_HUMAN,USP39 CGI-21 HSPC332 PRO2855,SIDT1
10340,Q53GS9,O43451,0.9987891316413879,SNUT2_HUMAN,MGA_HUMAN,USP39 CGI-21 HSPC332 PRO2855,MGAM MGA MGAML
601,Q53GS9,P27694,0.9984875917434692,SNUT2_HUMAN,RFA1_HUMAN,USP39 CGI-21 HSPC332 PRO2855,RPA1 REPA1 RPA70
17654,Q53GS9,P07988,0.9977582097053528,SNUT2_HUMAN,PSPB_HUMAN,USP39 CGI-21 HSPC332 PRO2855,SFTPB SFTP3
2223,Q53GS9,Q5XPI4,0.996757447719574,SNUT2_HUMAN,RN123_HUMAN,USP39 CGI-21 HSPC332 PRO2855,RNF123 KPC1 FP1477
7141,Q53GS9,Q9Y324,0.9964491128921509,SNUT2_HUMAN,FCF1_HUMAN,USP39 CGI-21 HSPC332 PRO2855,FCF1 C14orf111 CGI-35
13918,Q53GS9,Q9BUJ2,0.9962347149848938,SNUT2_HUMAN,HNRL1_HUMAN,USP39 CGI-21 HSPC332 PRO2855,HNRNPUL1 E1BAP5 HNRPUL1
5161,Q53GS9,Q76L83,0.9953501224517822,SNUT2_HUMAN,ASXL2_HUMAN,USP39 CGI-21 HSPC332 PRO2855,ASXL2 ASXH2 KIAA1685
8058,Q53GS9,Q09666,0.9949145317077637,SNUT2_HUMAN,AHNK_HUMAN,USP39 CGI-21 HSPC332 PRO2855,AHNAK PM227
6253,Q53GS9,Q8IVH2,0.9942175149917603,SNUT2_HUMAN,FOXP4_HUMAN,USP39 CGI-21 HSPC332 PRO2855,FOXP4 FKHLA
17792,Q53GS9,P04637,0.9941447377204895,SNUT2_HUMAN,P53_HUMAN,USP39 CGI-21 HSPC332 PRO2855,TP53 P53
10413,Q53GS9,Q56P03,0.9933633804321289,SNUT2_HUMAN,EAPP_HUMAN,USP39 CGI-21 HSPC332 PRO2855,EAPP C14orf11 BM-036
3426,Q53GS9,Q13641,0.9930638670921326,SNUT2_HUMAN,TPBG_HUMAN,USP39 CGI-21 HSPC332 PRO2855,TPBG 5T4
9950,Q53GS9,Q9Y4X0,0.9920479655265808,SNUT2_HUMAN,AMMR1_HUMAN,USP39 CGI-21 HSPC332 PRO2855,AMMECR1
19031,Q53GS9,Q08999,0.9906607270240784,SNUT2_HUMAN,RBL2_HUMAN,USP39 CGI-21 HSPC332 PRO2855,RBL2 RB2
1549,Q53GS9,O95149,0.9904286861419678,SNUT2_HUMAN,SPN1_HUMAN,USP39 CGI-21 HSPC332 PRO2855,SNUPN RNUT1 SPN1
1763,Q53GS9,Q9Y2P5,0.9900557994842529,SNUT2_HUMAN,S27A5_HUMAN,USP39 CGI-21 HSPC332 PRO2855,SLC27A5 ACSB ACSVL6 FACVL3 FATP5
18761,Q53GS9,Q13547,0.988223135471344,SNUT2_HUMAN,HDAC1_HUMAN,USP39 CGI-21 HSPC332 PRO2855,HDAC1 RPD3L1
9916,Q53GS9,Q99678,0.9878982901573181,SNUT2_HUMAN,GPR20_HUMAN,USP39 CGI-21 HSPC332 PRO2855,GPR20
2078,Q53GS9,P12004,0.987862229347229,SNUT2_HUMAN,PCNA_HUMAN,USP39 CGI-21 HSPC332 PRO2855,PCNA
2502,Q53GS9,Q12888,0.9868479371070862,SNUT2_HUMAN,TP53B_HUMAN,USP39 CGI-21 HSPC332 PRO2855,TP53BP1
17522,Q53GS9,A1A5C7,0.9867211580276489,SNUT2_HUMAN,S22AN_HUMAN,USP39 CGI-21 HSPC332 PRO2855,SLC22A23 C6orf85
13305,Q53GS9,Q15007,0.9859240055084229,SNUT2_HUMAN,FL2D_HUMAN,USP39 CGI-21 HSPC332 PRO2855,WTAP KIAA0105
10419,Q53GS9,O95628,0.9850406050682068,SNUT2_HUMAN,CNOT4_HUMAN,USP39 CGI-21 HSPC332 PRO2855,CNOT4 NOT4
8225,Q53GS9,Q15329,0.9841630458831787,SNUT2_HUMAN,E2F5_HUMAN,USP39 CGI-21 HSPC332 PRO2855,E2F5
6124,Q53GS9,P83436,0.9837948083877563,SNUT2_HUMAN,COG7_HUMAN,USP39 CGI-21 HSPC332 PRO2855,COG7 UNQ3082/PRO10013
11048,Q53GS9,O15379,0.9835065603256226,SNUT2_HUMAN,HDAC3_HUMAN,USP39 CGI-21 HSPC332 PRO2855,HDAC3
5865,Q53GS9,P60484,0.983318567276001,SNUT2_HUMAN,PTEN_HUMAN,USP39 CGI-21 HSPC332 PRO2855,PTEN MMAC1 TEP1
16177,Q53GS9,Q96RQ9,0.9831768274307251,SNUT2_HUMAN,OXLA_HUMAN,USP39 CGI-21 HSPC332 PRO2855,IL4I1 FIG1 UNQ636/PRO1265
7522,Q53GS9,P42695,0.9826418161392212,SNUT2_HUMAN,CNDD3_HUMAN,USP39 CGI-21 HSPC332 PRO2855,NCAPD3 CAPD3 KIAA0056
8886,Q53GS9,Q9Y294,0.9810518026351929,SNUT2_HUMAN,ASF1A_HUMAN,USP39 CGI-21 HSPC332 PRO2855,ASF1A CGI-98 HSPC146
833,Q53GS9,Q9UBU9,0.9800868034362793,SNUT2_HUMAN,NXF1_HUMAN,USP39 CGI-21 HSPC332 PRO2855,NXF1 TAP
208,Q53GS9,Q9UPQ4,0.9792683720588684,SNUT2_HUMAN,TRI35_HUMAN,USP39 CGI-21 HSPC332 PRO2855,TRIM35 HLS5 KIAA1098
8929,Q53GS9,P38432,0.9785310626029968,SNUT2_HUMAN,COIL_HUMAN,USP39 CGI-21 HSPC332 PRO2855,COIL CLN80
13248,Q53GS9,P07992,0.977521538734436,SNUT2_HUMAN,ERCC1_HUMAN,USP39 CGI-21 HSPC332 PRO2855,ERCC1
1658,Q53GS9,P51817,0.9758519530296326,SNUT2_HUMAN,PRKX_HUMAN,USP39 CGI-21 HSPC332 PRO2855,PRKX PKX1
2182,Q53GS9,Q8NAV1,0.9744816422462463,SNUT2_HUMAN,PR38A_HUMAN,USP39 CGI-21 HSPC332 PRO2855,PRPF38A
7797,Q53GS9,Q9H9A5,0.9743335843086243,SNUT2_HUMAN,CNO10_HUMAN,USP39 CGI-21 HSPC332 PRO2855,CNOT10
19321,Q53GS9,Q15393,0.9737721681594849,SNUT2_HUMAN,SF3B3_HUMAN,USP39 CGI-21 HSPC332 PRO2855,SF3B3 KIAA0017 SAP130
18621,Q53GS9,Q5SZK8,0.9730017185211182,SNUT2_HUMAN,FREM2_HUMAN,USP39 CGI-21 HSPC332 PRO2855,FREM2
2430,Q53GS9,P06400,0.97222501039505,SNUT2_HUMAN,RB_HUMAN,USP39 CGI-21 HSPC332 PRO2855,RB1
2551,Q53GS9,Q8TF68,0.9720001220703125,SNUT2_HUMAN,ZN384_HUMAN,USP39 CGI-21 HSPC332 PRO2855,ZNF384 CAGH1 CIZ NMP4 TNRC1
18182,Q53GS9,Q9Y4P8,0.969962477684021,SNUT2_HUMAN,WIPI2_HUMAN,USP39 CGI-21 HSPC332 PRO2855,WIPI2 CGI-50
9079,Q53GS9,Q92499,0.9694442749023438,SNUT2_HUMAN,DDX1_HUMAN,USP39 CGI-21 HSPC332 PRO2855,DDX1
16855,Q53GS9,P53384,0.9649338722229004,SNUT2_HUMAN,NUBP1_HUMAN,USP39 CGI-21 HSPC332 PRO2855,NUBP1 NBP NBP1
8127,Q53GS9,P24385,0.9648606777191162,SNUT2_HUMAN,CCND1_HUMAN,USP39 CGI-21 HSPC332 PRO2855,CCND1 BCL1 PRAD1
3501,Q53GS9,P67809,0.964612603187561,SNUT2_HUMAN,YBOX1_HUMAN,USP39 CGI-21 HSPC332 PRO2855,YBX1 NSEP1 YB1
7710,Q53GS9,O75309,0.9632436037063599,SNUT2_HUMAN,CAD16_HUMAN,USP39 CGI-21 HSPC332 PRO2855,CDH16 UNQ695/PRO1340
4266,Q53GS9,Q5MCW4,0.9630922675132751,SNUT2_HUMAN,ZN569_HUMAN,USP39 CGI-21 HSPC332 PRO2855,ZNF569
14680,Q53GS9,P52701,0.9621379971504211,SNUT2_HUMAN,MSH6_HUMAN,USP39 CGI-21 HSPC332 PRO2855,MSH6 GTBP
809,Q53GS9,Q14258,0.9573139548301697,SNUT2_HUMAN,TRI25_HUMAN,USP39 CGI-21 HSPC332 PRO2855,TRIM25 EFP RNF147 ZNF147
3325,Q53GS9,P05388,0.9562500715255737,SNUT2_HUMAN,RLA0_HUMAN,USP39 CGI-21 HSPC332 PRO2855,RPLP0
9590,Q53GS9,Q6DCA0,0.9532406330108643,SNUT2_HUMAN,AMERL_HUMAN,USP39 CGI-21 HSPC332 PRO2855,AMMECR1L
4389,Q53GS9,Q9H4A3,0.9526433944702148,SNUT2_HUMAN,WNK1_HUMAN,USP39 CGI-21 HSPC332 PRO2855,WNK1 HSN2 KDP KIAA0344 PRKWNK1
3686,Q53GS9,Q9BYV6,0.9525272846221924,SNUT2_HUMAN,TRI55_HUMAN,USP39 CGI-21 HSPC332 PRO2855,TRIM55 MURF2 RNF29
3899,Q53GS9,Q9HCM9,0.9515793919563293,SNUT2_HUMAN,TRI39_HUMAN,USP39 CGI-21 HSPC332 PRO2855,TRIM39 RNF23 TFP
2062,Q53GS9,P0CAP1,0.9504602551460266,SNUT2_HUMAN,MYZAP_HUMAN,USP39 CGI-21 HSPC332 PRO2855,MYZAP MYOZAP
11375,Q53GS9,Q00839,0.9480500817298889,SNUT2_HUMAN,HNRPU_HUMAN,USP39 CGI-21 HSPC332 PRO2855,HNRNPU C1orf199 HNRPU SAFA U21.1
5793,Q53GS9,P23443,0.9476279020309448,SNUT2_HUMAN,KS6B1_HUMAN,USP39 CGI-21 HSPC332 PRO2855,RPS6KB1 STK14A
12713,Q53GS9,Q9UBS0,0.9437825083732605,SNUT2_HUMAN,KS6B2_HUMAN,USP39 CGI-21 HSPC332 PRO2855,RPS6KB2 STK14B
10840,Q53GS9,P06493,0.9406301975250244,SNUT2_HUMAN,CDK1_HUMAN,USP39 CGI-21 HSPC332 PRO2855,CDK1 CDC2 CDC28A CDKN1 P34CDC2
11830,Q53GS9,Q9Y603,0.9346044063568115,SNUT2_HUMAN,ETV7_HUMAN,USP39 CGI-21 HSPC332 PRO2855,ETV7 TEL2 TELB TREF
4422,Q53GS9,Q9BX97,0.9328187108039856,SNUT2_HUMAN,PLVAP_HUMAN,USP39 CGI-21 HSPC332 PRO2855,PLVAP FELS PV1
18006,Q53GS9,Q96EB6,0.9317596554756165,SNUT2_HUMAN,SIR1_HUMAN,USP39 CGI-21 HSPC332 PRO2855,SIRT1 SIR2L1
4575,Q53GS9,Q5W0Q7,0.928557813167572,SNUT2_HUMAN,USPL1_HUMAN,USP39 CGI-21 HSPC332 PRO2855,USPL1 C13orf22 D13S106
17554,Q53GS9,Q2M3M2,0.9280164837837219,SNUT2_HUMAN,SC5A9_HUMAN,USP39 CGI-21 HSPC332 PRO2855,SLC5A9 SGLT4
2840,Q53GS9,Q9Y4K3,0.92731773853302,SNUT2_HUMAN,TRAF6_HUMAN,USP39 CGI-21 HSPC332 PRO2855,TRAF6 RNF85
510,Q53GS9,Q49AM3,0.9271747469902039,SNUT2_HUMAN,TTC31_HUMAN,USP39 CGI-21 HSPC332 PRO2855,TTC31
191,Q53GS9,Q9C0F3,0.9239460825920105,SNUT2_HUMAN,ZN436_HUMAN,USP39 CGI-21 HSPC332 PRO2855,ZNF436 KIAA1710
15348,Q53GS9,O95819,0.9239187240600586,SNUT2_HUMAN,M4K4_HUMAN,USP39 CGI-21 HSPC332 PRO2855,MAP4K4 HGK KIAA0687 NIK
9198,Q53GS9,Q92934,0.9233372211456299,SNUT2_HUMAN,BAD_HUMAN,USP39 CGI-21 HSPC332 PRO2855,BAD BBC6 BCL2L8
12849,Q53GS9,Q96Q04,0.9209794998168945,SNUT2_HUMAN,LMTK3_HUMAN,USP39 CGI-21 HSPC332 PRO2855,LMTK3 KIAA1883 TYKLM3
2664,Q53GS9,O00444,0.9191209077835083,SNUT2_HUMAN,PLK4_HUMAN,USP39 CGI-21 HSPC332 PRO2855,PLK4 SAK STK18
12664,Q53GS9,Q9H422,0.9174401760101318,SNUT2_HUMAN,HIPK3_HUMAN,USP39 CGI-21 HSPC332 PRO2855,HIPK3 DYRK6 FIST3 PKY
507,Q53GS9,Q9UKI8,0.9137162566184998,SNUT2_HUMAN,TLK1_HUMAN,USP39 CGI-21 HSPC332 PRO2855,TLK1 KIAA0137
10324,Q53GS9,Q13257,0.9123554229736328,SNUT2_HUMAN,MD2L1_HUMAN,USP39 CGI-21 HSPC332 PRO2855,MAD2L1 MAD2
5917,Q53GS9,Q5W0U4,0.9112671613693237,SNUT2_HUMAN,BSPRY_HUMAN,USP39 CGI-21 HSPC332 PRO2855,BSPRY
3624,Q53GS9,O75556,0.9078754186630249,SNUT2_HUMAN,SG2A1_HUMAN,USP39 CGI-21 HSPC332 PRO2855,SCGB2A1 LIPHC MGB2 UGB3
11698,Q53GS9,Q7Z2Z2,0.9072365760803223,SNUT2_HUMAN,EFL1_HUMAN,USP39 CGI-21 HSPC332 PRO2855,EFL1 EFTUD1 FAM42A
15924,Q53GS9,Q13523,0.9028252363204956,SNUT2_HUMAN,PRP4B_HUMAN,USP39 CGI-21 HSPC332 PRO2855,PRPF4B KIAA0536 PRP4 PRP4H PRP4K
7123,Q53GS9,P15170,0.899887204170227,SNUT2_HUMAN,ERF3A_HUMAN,USP39 CGI-21 HSPC332 PRO2855,GSPT1 ERF3A
3443,Q53GS9,Q86UE8,0.8983514308929443,SNUT2_HUMAN,TLK2_HUMAN,USP39 CGI-21 HSPC332 PRO2855,TLK2
18950,Q53GS9,O43395,0.8972885608673096,SNUT2_HUMAN,PRPF3_HUMAN,USP39 CGI-21 HSPC332 PRO2855,PRPF3 HPRP3 PRP3
140,Q53GS9,P55060,0.8969916701316833,SNUT2_HUMAN,XPO2_HUMAN,USP39 CGI-21 HSPC332 PRO2855,CSE1L CAS XPO2
5403,Q53GS9,Q9Y4B6,0.8960748910903931,SNUT2_HUMAN,DCAF1_HUMAN,USP39 CGI-21 HSPC332 PRO2855,DCAF1 KIAA0800 RIP VPRBP
15537,Q53GS9,P42166,0.8931018114089966,SNUT2_HUMAN,LAP2A_HUMAN,USP39 CGI-21 HSPC332 PRO2855,TMPO LAP2
4879,Q53GS9,Q15029,0.892336368560791,SNUT2_HUMAN,U5S1_HUMAN,USP39 CGI-21 HSPC332 PRO2855,EFTUD2 KIAA0031 SNRP116
8223,Q53GS9,Q16254,0.8917615413665771,SNUT2_HUMAN,E2F4_HUMAN,USP39 CGI-21 HSPC332 PRO2855,E2F4
8096,Q53GS9,Q5T0F9,0.8913597464561462,SNUT2_HUMAN,C2D1B_HUMAN,USP39 CGI-21 HSPC332 PRO2855,CC2D1B KIAA1836
9685,Q53GS9,Q6P1N0,0.8890819549560547,SNUT2_HUMAN,C2D1A_HUMAN,USP39 CGI-21 HSPC332 PRO2855,CC2D1A AKI1
3612,Q53GS9,Q8WVK2,0.8869792222976685,SNUT2_HUMAN,SNR27_HUMAN,USP39 CGI-21 HSPC332 PRO2855,SNRNP27
5677,Q53GS9,Q8IYD1,0.8841018080711365,SNUT2_HUMAN,ERF3B_HUMAN,USP39 CGI-21 HSPC332 PRO2855,GSPT2 ERF3B
19114,Q53GS9,P53803,0.8829248547554016,SNUT2_HUMAN,RPAB4_HUMAN,USP39 CGI-21 HSPC332 PRO2855,POLR2K
6229,Q53GS9,P13639,0.876827597618103,SNUT2_HUMAN,EF2_HUMAN,USP39 CGI-21 HSPC332 PRO2855,EEF2 EF2
9374,Q53GS9,P49711,0.870930016040802,SNUT2_HUMAN,CTCF_HUMAN,USP39 CGI-21 HSPC332 PRO2855,CTCF
2651,Q53GS9,Q8NH60,0.8612642884254456,SNUT2_HUMAN,O52J3_HUMAN,USP39 CGI-21 HSPC332 PRO2855,OR52J3
5761,Q53GS9,O43474,0.8588106036186218,SNUT2_HUMAN,KLF4_HUMAN,USP39 CGI-21 HSPC332 PRO2855,KLF4 EZF GKLF
7501,Q53GS9,P14635,0.8573697805404663,SNUT2_HUMAN,CCNB1_HUMAN,USP39 CGI-21 HSPC332 PRO2855,CCNB1 CCNB
2557,Q53GS9,Q9Y5U2,0.855439305305481,SNUT2_HUMAN,TSSC4_HUMAN,USP39 CGI-21 HSPC332 PRO2855,TSSC4
4287,Q53GS9,Q96DX7,0.854105532169342,SNUT2_HUMAN,TRI44_HUMAN,USP39 CGI-21 HSPC332 PRO2855,TRIM44 DIPB
11686,Q53GS9,Q8N684,0.846605658531189,SNUT2_HUMAN,CPSF7_HUMAN,USP39 CGI-21 HSPC332 PRO2855,CPSF7
5038,Q53GS9,Q9NSY1,0.8391159176826477,SNUT2_HUMAN,BMP2K_HUMAN,USP39 CGI-21 HSPC332 PRO2855,BMP2K BIKE HRIHFB2017
17931,Q53GS9,P53350,0.8320668935775757,SNUT2_HUMAN,PLK1_HUMAN,USP39 CGI-21 HSPC332 PRO2855,PLK1 PLK
17199,Q53GS9,P54136,0.8302291035652161,SNUT2_HUMAN,SYRC_HUMAN,USP39 CGI-21 HSPC332 PRO2855,RARS1 RARS
11030,Q53GS9,P49674,0.8276181817054749,SNUT2_HUMAN,KC1E_HUMAN,USP39 CGI-21 HSPC332 PRO2855,CSNK1E
4658,Q53GS9,P15621,0.8267171382904053,SNUT2_HUMAN,ZNF44_HUMAN,USP39 CGI-21 HSPC332 PRO2855,ZNF44 GIOT2 KOX7 ZNF55 ZNF58
3718,Q53GS9,Q9UEG4,0.8232603669166565,SNUT2_HUMAN,ZN629_HUMAN,USP39 CGI-21 HSPC332 PRO2855,ZNF629 KIAA0326 ZNF65
12414,Q53GS9,Q9NVP2,0.8205710053443909,SNUT2_HUMAN,ASF1B_HUMAN,USP39 CGI-21 HSPC332 PRO2855,ASF1B
17579,Q53GS9,Q9H871,0.819543182849884,SNUT2_HUMAN,RMD5A_HUMAN,USP39 CGI-21 HSPC332 PRO2855,RMND5A
18796,Q53GS9,Q9Y5W3,0.8195239901542664,SNUT2_HUMAN,KLF2_HUMAN,USP39 CGI-21 HSPC332 PRO2855,KLF2 LKLF
4385,Q53GS9,Q9BRT2,0.8162572383880615,SNUT2_HUMAN,UQCC2_HUMAN,USP39 CGI-21 HSPC332 PRO2855,UQCC2 C6orf125 MNF1
221,Q53GS9,P62328,0.8155871033668518,SNUT2_HUMAN,TYB4_HUMAN,USP39 CGI-21 HSPC332 PRO2855,TMSB4X TB4X THYB4 TMSB4
4897,Q53GS9,P52739,0.8144476413726807,SNUT2_HUMAN,ZN131_HUMAN,USP39 CGI-21 HSPC332 PRO2855,ZNF131
17440,Q53GS9,Q6NUM9,0.8136410713195801,SNUT2_HUMAN,RETST_HUMAN,USP39 CGI-21 HSPC332 PRO2855,RETSAT PPSIG UNQ439/PRO872
265,Q53GS9,A5PKW4,0.8123540878295898,SNUT2_HUMAN,PSD1_HUMAN,USP39 CGI-21 HSPC332 PRO2855,PSD EFA6 EFA6A KIAA2011 PSD1 TYL
4935,Q53GS9,Q9UL40,0.809008002281189,SNUT2_HUMAN,ZN346_HUMAN,USP39 CGI-21 HSPC332 PRO2855,ZNF346 JAZ
9576,Q53GS9,Q2M2I8,0.8089365363121033,SNUT2_HUMAN,AAK1_HUMAN,USP39 CGI-21 HSPC332 PRO2855,AAK1 KIAA1048
18752,Q53GS9,Q8IXY8,0.806947648525238,SNUT2_HUMAN,PPIL6_HUMAN,USP39 CGI-21 HSPC332 PRO2855,PPIL6
18474,Q53GS9,P29083,0.8060483932495117,SNUT2_HUMAN,T2EA_HUMAN,USP39 CGI-21 HSPC332 PRO2855,GTF2E1 TF2E1
9695,Q53GS9,Q6Q4G3,0.8016870617866516,SNUT2_HUMAN,AMPQ_HUMAN,USP39 CGI-21 HSPC332 PRO2855,LVRN AQPEP
8819,Q53GS9,Q99856,0.7995481491088867,SNUT2_HUMAN,ARI3A_HUMAN,USP39 CGI-21 HSPC332 PRO2855,ARID3A DRIL1 DRIL3 DRX E2FBP1
711,Q53GS9,Q9Y5B9,0.7982659339904785,SNUT2_HUMAN,SP16H_HUMAN,USP39 CGI-21 HSPC332 PRO2855,SUPT16H FACT140 FACTP140
15017,Q53GS9,Q9UNZ5,0.7977851629257202,SNUT2_HUMAN,L10K_HUMAN,USP39 CGI-21 HSPC332 PRO2855,C19orf53 HSPC023
3919,Q53GS9,Q01081,0.7920649647712708,SNUT2_HUMAN,U2AF1_HUMAN,USP39 CGI-21 HSPC332 PRO2855,U2AF1 U2AF35 U2AFBP FP793
6871,Q53GS9,P29374,0.7832304239273071,SNUT2_HUMAN,ARI4A_HUMAN,USP39 CGI-21 HSPC332 PRO2855,ARID4A RBBP1 RBP1
5514,Q53GS9,Q9Y312,0.7756598591804504,SNUT2_HUMAN,AAR2_HUMAN,USP39 CGI-21 HSPC332 PRO2855,AAR2 C20orf4 CGI-23 PRO0225
18416,Q53GS9,Q9NYI0,0.7738376259803772,SNUT2_HUMAN,PSD3_HUMAN,USP39 CGI-21 HSPC332 PRO2855,PSD3 EFA6D EFA6R HCA67 KIAA0942
8377,Q53GS9,Q96RP9,0.7711727619171143,SNUT2_HUMAN,EFGM_HUMAN,USP39 CGI-21 HSPC332 PRO2855,GFM1 EFG EFG1 GFM
8311,Q53GS9,P32519,0.7663931250572205,SNUT2_HUMAN,ELF1_HUMAN,USP39 CGI-21 HSPC332 PRO2855,ELF1
4246,Q53GS9,Q8N806,0.7660612463951111,SNUT2_HUMAN,UBR7_HUMAN,USP39 CGI-21 HSPC332 PRO2855,UBR7 C14orf130
16221,Q53GS9,Q8NDH3,0.7582462430000305,SNUT2_HUMAN,PEPL1_HUMAN,USP39 CGI-21 HSPC332 PRO2855,NPEPL1 KIAA1974
4590,Q53GS9,Q96CX3,0.7559486627578735,SNUT2_HUMAN,ZN501_HUMAN,USP39 CGI-21 HSPC332 PRO2855,ZNF501 ZNF52
20123,Q53GS9,Q8N205,0.753119707107544,SNUT2_HUMAN,SYNE4_HUMAN,USP39 CGI-21 HSPC332 PRO2855,SYNE4 C19orf46
15351,Q53GS9,Q9H8H0,0.744827926158905,SNUT2_HUMAN,NOL11_HUMAN,USP39 CGI-21 HSPC332 PRO2855,NOL11 L14
19572,Q53GS9,Q8NDX1,0.7444177269935608,SNUT2_HUMAN,PSD4_HUMAN,USP39 CGI-21 HSPC332 PRO2855,PSD4 EFA6B TIC
19969,Q53GS9,Q9Y3C6,0.7424046397209167,SNUT2_HUMAN,PPIL1_HUMAN,USP39 CGI-21 HSPC332 PRO2855,PPIL1 CYPL1 CGI-124 UNQ2425/PRO4984
19528,Q53GS9,P78362,0.7386618256568909,SNUT2_HUMAN,SRPK2_HUMAN,USP39 CGI-21 HSPC332 PRO2855,SRPK2
18097,Q53GS9,Q13127,0.7373864054679871,SNUT2_HUMAN,REST_HUMAN,USP39 CGI-21 HSPC332 PRO2855,REST NRSF XBR
7637,Q53GS9,P46736,0.7352724075317383,SNUT2_HUMAN,BRCC3_HUMAN,USP39 CGI-21 HSPC332 PRO2855,BRCC3 BRCC36 C6.1A CXorf53
18087,Q53GS9,Q9BQI7,0.7306039929389954,SNUT2_HUMAN,PSD2_HUMAN,USP39 CGI-21 HSPC332 PRO2855,PSD2 EFA6C
11209,Q53GS9,P30419,0.71560138463974,SNUT2_HUMAN,NMT1_HUMAN,USP39 CGI-21 HSPC332 PRO2855,NMT1 NMT
10466,Q53GS9,Q10570,0.7143166661262512,SNUT2_HUMAN,CPSF1_HUMAN,USP39 CGI-21 HSPC332 PRO2855,CPSF1 CPSF160
15321,Q53GS9,Q9Y4Z0,0.7107892036437988,SNUT2_HUMAN,LSM4_HUMAN,USP39 CGI-21 HSPC332 PRO2855,LSM4
13053,Q53GS9,Q5T2T1,0.7072452306747437,SNUT2_HUMAN,MPP7_HUMAN,USP39 CGI-21 HSPC332 PRO2855,MPP7
18036,Q53GS9,Q9UPE1,0.7048097252845764,SNUT2_HUMAN,SRPK3_HUMAN,USP39 CGI-21 HSPC332 PRO2855,SRPK3 MSSK1 STK23
2333,Q53GS9,Q9HCS7,0.701703667640686,SNUT2_HUMAN,SYF1_HUMAN,USP39 CGI-21 HSPC332 PRO2855,XAB2 HCNP KIAA1177 SYF1 PP3898
8336,Q53GS9,Q96FG2,0.6923589706420898,SNUT2_HUMAN,ELMD3_HUMAN,USP39 CGI-21 HSPC332 PRO2855,ELMOD3 RBED1 RBM29 PP4068
351,Q53GS9,P49368,0.6906574368476868,SNUT2_HUMAN,TCPG_HUMAN,USP39 CGI-21 HSPC332 PRO2855,CCT3 CCTG TRIC5
626,Q53GS9,O43447,0.683149516582489,SNUT2_HUMAN,PPIH_HUMAN,USP39 CGI-21 HSPC332 PRO2855,PPIH CYP20 CYPH
182,Q53GS9,Q9Y2L8,0.6716212034225464,SNUT2_HUMAN,ZKSC5_HUMAN,USP39 CGI-21 HSPC332 PRO2855,ZKSCAN5 KIAA1015 ZFP95
7988,Q53GS9,P55795,0.6519327163696289,SNUT2_HUMAN,HNRH2_HUMAN,USP39 CGI-21 HSPC332 PRO2855,HNRNPH2 FTP3 HNRPH2
2212,Q53GS9,P62424,0.6508187055587769,SNUT2_HUMAN,RL7A_HUMAN,USP39 CGI-21 HSPC332 PRO2855,RPL7A SURF-3 SURF3
2526,Q53GS9,Q9C0J8,0.6507214903831482,SNUT2_HUMAN,WDR33_HUMAN,USP39 CGI-21 HSPC332 PRO2855,WDR33 WDC146
4954,Q53GS9,P24278,0.6480684876441956,SNUT2_HUMAN,ZBT25_HUMAN,USP39 CGI-21 HSPC332 PRO2855,ZBTB25 C14orf51 KUP ZNF46
1125,Q53GS9,P17480,0.6466984748840332,SNUT2_HUMAN,UBF1_HUMAN,USP39 CGI-21 HSPC332 PRO2855,UBTF UBF UBF1
4143,Q53GS9,Q8WXE9,0.6466731429100037,SNUT2_HUMAN,STON2_HUMAN,USP39 CGI-21 HSPC332 PRO2855,STON2 STN2 STNB
16017,Q53GS9,Q9ULT8,0.6449296474456787,SNUT2_HUMAN,HECD1_HUMAN,USP39 CGI-21 HSPC332 PRO2855,HECTD1 KIAA1131
15632,Q53GS9,Q7Z6K4,0.6317806839942932,SNUT2_HUMAN,NRARP_HUMAN,USP39 CGI-21 HSPC332 PRO2855,NRARP
6029,Q53GS9,Q92905,0.6266666054725647,SNUT2_HUMAN,CSN5_HUMAN,USP39 CGI-21 HSPC332 PRO2855,COPS5 CSN5 JAB1
19727,Q53GS9,Q9Y2X3,0.6258137822151184,SNUT2_HUMAN,NOP58_HUMAN,USP39 CGI-21 HSPC332 PRO2855,NOP58 NOL5 NOP5 HSPC120
6408,Q53GS9,Q53H12,0.617012083530426,SNUT2_HUMAN,AGK_HUMAN,USP39 CGI-21 HSPC332 PRO2855,AGK MULK
16794,Q53GS9,Q14498,0.6106211543083191,SNUT2_HUMAN,RBM39_HUMAN,USP39 CGI-21 HSPC332 PRO2855,RBM39 HCC1 RNPC2
20060,Q53GS9,O15355,0.6016657948493958,SNUT2_HUMAN,PPM1G_HUMAN,USP39 CGI-21 HSPC332 PRO2855,PPM1G PPM1C
17035,Q53GS9,Q96DI7,0.601547122001648,SNUT2_HUMAN,SNR40_HUMAN,USP39 CGI-21 HSPC332 PRO2855,SNRNP40 PRP8BP SFP38 WDR57
2043,Q53GS9,Q5MNZ9,0.5905227661132812,SNUT2_HUMAN,WIPI1_HUMAN,USP39 CGI-21 HSPC332 PRO2855,WIPI1 WIPI49
14523,Q53GS9,Q8TF01,0.5876534581184387,SNUT2_HUMAN,PNISR_HUMAN,USP39 CGI-21 HSPC332 PRO2855,PNISR C6orf111 SFRS18 SRRP130 HSPC261 HSPC306
16900,Q53GS9,P51003,0.5588274598121643,SNUT2_HUMAN,PAPOA_HUMAN,USP39 CGI-21 HSPC332 PRO2855,PAPOLA PAP
10667,Q53GS9,P52597,0.5581916570663452,SNUT2_HUMAN,HNRPF_HUMAN,USP39 CGI-21 HSPC332 PRO2855,HNRNPF HNRPF
1894,Q53GS9,Q13435,0.5558022260665894,SNUT2_HUMAN,SF3B2_HUMAN,USP39 CGI-21 HSPC332 PRO2855,SF3B2 SAP145
11745,Q53GS9,Q9UHI6,0.5534986853599548,SNUT2_HUMAN,DDX20_HUMAN,USP39 CGI-21 HSPC332 PRO2855,DDX20 DP103 GEMIN3
3192,Q53GS9,Q8WUA2,0.5529826879501343,SNUT2_HUMAN,PPIL4_HUMAN,USP39 CGI-21 HSPC332 PRO2855,PPIL4
1308,Q53GS9,Q7Z4L9,0.5348271131515503,SNUT2_HUMAN,PPR42_HUMAN,USP39 CGI-21 HSPC332 PRO2855,PPP1R42 LRRC67
1132,Q53GS9,Q9H5J8,0.5264343023300171,SNUT2_HUMAN,TAF1D_HUMAN,USP39 CGI-21 HSPC332 PRO2855,TAF1D JOSD3
5387,Q53GS9,Q9H8H2,0.5227090120315552,SNUT2_HUMAN,DDX31_HUMAN,USP39 CGI-21 HSPC332 PRO2855,DDX31
11979,Q53GS9,Q92542,0.5222641825675964,SNUT2_HUMAN,NICA_HUMAN,USP39 CGI-21 HSPC332 PRO2855,NCSTN KIAA0253 UNQ1874/PRO4317
5473,Q53GS9,O95639,0.5207438468933105,SNUT2_HUMAN,CPSF4_HUMAN,USP39 CGI-21 HSPC332 PRO2855,CPSF4 CPSF30 NAR NEB1
5282,Q53GS9,Q6UX04,0.520295262336731,SNUT2_HUMAN,CWC27_HUMAN,USP39 CGI-21 HSPC332 PRO2855,CWC27 SDCCAG10 UNQ438/PRO871
18123,Q53GS9,O75533,0.5184645652770996,SNUT2_HUMAN,SF3B1_HUMAN,USP39 CGI-21 HSPC332 PRO2855,SF3B1 SAP155
19725,Q53GS9,O00567,0.5150256156921387,SNUT2_HUMAN,NOP56_HUMAN,USP39 CGI-21 HSPC332 PRO2855,NOP56 NOL5A
6458,Q53GS9,P84077,0.5128477811813354,SNUT2_HUMAN,ARF1_HUMAN,USP39 CGI-21 HSPC332 PRO2855,ARF1
7426,Q53GS9,Q9H4Z3,0.5125095844268799,SNUT2_HUMAN,CAPAM_HUMAN,USP39 CGI-21 HSPC332 PRO2855,PCIF1 C20orf67 CAPAM PPP1R121
9749,Q53GS9,O43809,0.5070538520812988,SNUT2_HUMAN,CPSF5_HUMAN,USP39 CGI-21 HSPC332 PRO2855,NUDT21 CFIM25 CPSF25 CPSF5
4928,Q53GS9,P52747,0.5052326321601868,SNUT2_HUMAN,ZN143_HUMAN,USP39 CGI-21 HSPC332 PRO2855,ZNF143 SBF STAF
18451,Q53GS9,P26639,0.5047184824943542,SNUT2_HUMAN,SYTC_HUMAN,USP39 CGI-21 HSPC332 PRO2855,TARS1 TARS
1371,Q53GS9,Q7Z6E9,0.5000554323196411,SNUT2_HUMAN,RBBP6_HUMAN,USP39 CGI-21 HSPC332 PRO2855,RBBP6 P2PR PACT RBQ1 My038
333,Q53GS9,Q9P2J5,0.4925555884838104,SNUT2_HUMAN,SYLC_HUMAN,USP39 CGI-21 HSPC332 PRO2855,LARS1 KIAA1352 LARS
19578,Q53GS9,P38159,0.490863561630249,SNUT2_HUMAN,RBMX_HUMAN,USP39 CGI-21 HSPC332 PRO2855,RBMX HNRPG RBMXP1
1383,Q53GS9,Q8N5U6,0.4876009523868561,SNUT2_HUMAN,RNF10_HUMAN,USP39 CGI-21 HSPC332 PRO2855,RNF10 KIAA0262 RIE2
5402,Q53GS9,Q9NQI0,0.4854874908924103,SNUT2_HUMAN,DDX4_HUMAN,USP39 CGI-21 HSPC332 PRO2855,DDX4 VASA
8373,Q53GS9,Q92917,0.48445457220077515,SNUT2_HUMAN,GPKOW_HUMAN,USP39 CGI-21 HSPC332 PRO2855,GPKOW GPATC5 GPATCH5 T54
5123,Q53GS9,Q9BZZ5,0.47870728373527527,SNUT2_HUMAN,API5_HUMAN,USP39 CGI-21 HSPC332 PRO2855,API5 MIG8
1461,Q53GS9,Q9BV40,0.4719177484512329,SNUT2_HUMAN,VAMP8_HUMAN,USP39 CGI-21 HSPC332 PRO2855,VAMP8
17043,Q53GS9,Q9H0E3,0.46555715799331665,SNUT2_HUMAN,SP130_HUMAN,USP39 CGI-21 HSPC332 PRO2855,SAP130
11453,Q53GS9,P60842,0.45905888080596924,SNUT2_HUMAN,IF4A1_HUMAN,USP39 CGI-21 HSPC332 PRO2855,EIF4A1 DDX2A EIF4A
15883,Q53GS9,Q8WXW3,0.45523229241371155,SNUT2_HUMAN,PIBF1_HUMAN,USP39 CGI-21 HSPC332 PRO2855,PIBF1 C13orf24 PIBF
12825,Q53GS9,Q96T54,0.4524449408054352,SNUT2_HUMAN,KCNKH_HUMAN,USP39 CGI-21 HSPC332 PRO2855,KCNK17 TALK2 TASK4 UNQ5816/PRO19634
7867,Q53GS9,Q96GQ7,0.4453994035720825,SNUT2_HUMAN,DDX27_HUMAN,USP39 CGI-21 HSPC332 PRO2855,DDX27 cPERP-F RHLP HSPC259 PP3241
13976,Q53GS9,Q9UI43,0.4436095952987671,SNUT2_HUMAN,MRM2_HUMAN,USP39 CGI-21 HSPC332 PRO2855,MRM2 FJH1 FTSJ2
18575,Q53GS9,O75934,0.4361400604248047,SNUT2_HUMAN,SPF27_HUMAN,USP39 CGI-21 HSPC332 PRO2855,BCAS2 DAM1
9042,Q53GS9,Q9UKY7,0.43326839804649353,SNUT2_HUMAN,CDV3_HUMAN,USP39 CGI-21 HSPC332 PRO2855,CDV3 H41
12834,Q53GS9,Q4G0J3,0.4313372075557709,SNUT2_HUMAN,LARP7_HUMAN,USP39 CGI-21 HSPC332 PRO2855,LARP7 HDCMA18P
19589,Q53GS9,O95197,0.4309597909450531,SNUT2_HUMAN,RTN3_HUMAN,USP39 CGI-21 HSPC332 PRO2855,RTN3 ASYIP NSPL2
5379,Q53GS9,Q9NR30,0.4279964864253998,SNUT2_HUMAN,DDX21_HUMAN,USP39 CGI-21 HSPC332 PRO2855,DDX21
12928,Q53GS9,P55769,0.42770063877105713,SNUT2_HUMAN,NH2L1_HUMAN,USP39 CGI-21 HSPC332 PRO2855,SNU13 NHP2L1
3638,Q53GS9,O75494,0.42604872584342957,SNUT2_HUMAN,SRS10_HUMAN,USP39 CGI-21 HSPC332 PRO2855,SRSF10 FUSIP1 FUSIP2 SFRS13A TASR
4057,Q53GS9,Q15696,0.42558491230010986,SNUT2_HUMAN,U2AFM_HUMAN,USP39 CGI-21 HSPC332 PRO2855,ZRSR2 U2AF1-RS2 U2AF1L2 U2AF1RS2 URP
12300,Q53GS9,Q9BWU0,0.425075501203537,SNUT2_HUMAN,NADAP_HUMAN,USP39 CGI-21 HSPC332 PRO2855,SLC4A1AP HLC3
13638,Q53GS9,Q9NVN8,0.42403319478034973,SNUT2_HUMAN,GNL3L_HUMAN,USP39 CGI-21 HSPC332 PRO2855,GNL3L
7612,Q53GS9,P13798,0.42344900965690613,SNUT2_HUMAN,ACPH_HUMAN,USP39 CGI-21 HSPC332 PRO2855,APEH D3F15S2 D3S48E DNF15S2
326,Q53GS9,Q96SB4,0.41991162300109863,SNUT2_HUMAN,SRPK1_HUMAN,USP39 CGI-21 HSPC332 PRO2855,SRPK1
8868,Q53GS9,O95236,0.41647210717201233,SNUT2_HUMAN,APOL3_HUMAN,USP39 CGI-21 HSPC332 PRO2855,APOL3
13036,Q53GS9,Q7L2J0,0.41597744822502136,SNUT2_HUMAN,MEPCE_HUMAN,USP39 CGI-21 HSPC332 PRO2855,MEPCE BCDIN3
10959,Q53GS9,Q14240,0.409344881772995,SNUT2_HUMAN,IF4A2_HUMAN,USP39 CGI-21 HSPC332 PRO2855,EIF4A2 DDX2B EIF4F
10234,Q53GS9,Q9HC36,0.40520620346069336,SNUT2_HUMAN,MRM3_HUMAN,USP39 CGI-21 HSPC332 PRO2855,MRM3 RNMTL1 HC90
7580,Q53GS9,Q12996,0.40329891443252563,SNUT2_HUMAN,CSTF3_HUMAN,USP39 CGI-21 HSPC332 PRO2855,CSTF3
5399,Q53GS9,Q86XP3,0.39926624298095703,SNUT2_HUMAN,DDX42_HUMAN,USP39 CGI-21 HSPC332 PRO2855,DDX42
17672,Q53GS9,P62266,0.3917408287525177,SNUT2_HUMAN,RS23_HUMAN,USP39 CGI-21 HSPC332 PRO2855,RPS23
13346,Q53GS9,Q9HCN4,0.39165207743644714,SNUT2_HUMAN,GPN1_HUMAN,USP39 CGI-21 HSPC332 PRO2855,GPN1 MBDIN RPAP4 XAB1 HUSSY-23
19490,Q53GS9,Q13243,0.3896183371543884,SNUT2_HUMAN,SRSF5_HUMAN,USP39 CGI-21 HSPC332 PRO2855,SRSF5 HRS SFRS5 SRP40
12064,Q53GS9,O43143,0.38901200890541077,SNUT2_HUMAN,DHX15_HUMAN,USP39 CGI-21 HSPC332 PRO2855,DHX15 DBP1 DDX15
11262,Q53GS9,Q96ED9,0.3823147416114807,SNUT2_HUMAN,HOOK2_HUMAN,USP39 CGI-21 HSPC332 PRO2855,HOOK2
11575,Q53GS9,Q9H6V9,0.3811338543891907,SNUT2_HUMAN,LDAH_HUMAN,USP39 CGI-21 HSPC332 PRO2855,LDAH C2orf43
3678,Q53GS9,Q08945,0.38107290863990784,SNUT2_HUMAN,SSRP1_HUMAN,USP39 CGI-21 HSPC332 PRO2855,SSRP1 FACT80
17058,Q53GS9,P62318,0.3809353709220886,SNUT2_HUMAN,SMD3_HUMAN,USP39 CGI-21 HSPC332 PRO2855,SNRPD3
14283,Q53GS9,P19447,0.37776222825050354,SNUT2_HUMAN,ERCC3_HUMAN,USP39 CGI-21 HSPC332 PRO2855,ERCC3 XPB XPBC
6195,Q53GS9,Q13838,0.3723801374435425,SNUT2_HUMAN,DX39B_HUMAN,USP39 CGI-21 HSPC332 PRO2855,DDX39B BAT1 UAP56
9398,Q53GS9,Q9H0S4,0.37224069237709045,SNUT2_HUMAN,DDX47_HUMAN,USP39 CGI-21 HSPC332 PRO2855,DDX47
1189,Q53GS9,Q96MT1,0.3715582489967346,SNUT2_HUMAN,RN145_HUMAN,USP39 CGI-21 HSPC332 PRO2855,RNF145
1557,Q53GS9,P49588,0.37031450867652893,SNUT2_HUMAN,SYAC_HUMAN,USP39 CGI-21 HSPC332 PRO2855,AARS1 AARS
5409,Q53GS9,Q86TM3,0.369109570980072,SNUT2_HUMAN,DDX53_HUMAN,USP39 CGI-21 HSPC332 PRO2855,DDX53 CAGE
16282,Q53GS9,Q9NUL7,0.36762523651123047,SNUT2_HUMAN,DDX28_HUMAN,USP39 CGI-21 HSPC332 PRO2855,DDX28 MDDX28
5392,Q53GS9,O00571,0.36536920070648193,SNUT2_HUMAN,DDX3X_HUMAN,USP39 CGI-21 HSPC332 PRO2855,DDX3X DBX DDX3
12152,Q53GS9,Q9H0L4,0.36138877272605896,SNUT2_HUMAN,CSTFT_HUMAN,USP39 CGI-21 HSPC332 PRO2855,CSTF2T KIAA0689
18439,Q53GS9,Q9Y2Z4,0.35846441984176636,SNUT2_HUMAN,SYYM_HUMAN,USP39 CGI-21 HSPC332 PRO2855,YARS2 CGI-04
19444,Q53GS9,P63244,0.3583158552646637,SNUT2_HUMAN,RACK1_HUMAN,USP39 CGI-21 HSPC332 PRO2855,RACK1 GNB2L1 HLC7 PIG21
5338,Q53GS9,Q8N136,0.35709333419799805,SNUT2_HUMAN,DAW1_HUMAN,USP39 CGI-21 HSPC332 PRO2855,DAW1 WDR69
5405,Q53GS9,Q8N8A6,0.3567112684249878,SNUT2_HUMAN,DDX51_HUMAN,USP39 CGI-21 HSPC332 PRO2855,DDX51
7475,Q53GS9,Q9Y592,0.35132846236228943,SNUT2_HUMAN,CEP83_HUMAN,USP39 CGI-21 HSPC332 PRO2855,CEP83 CCDC41
1758,Q53GS9,P62487,0.34986791014671326,SNUT2_HUMAN,RPB7_HUMAN,USP39 CGI-21 HSPC332 PRO2855,POLR2G RPB7
15917,Q53GS9,Q8WWY3,0.3494989573955536,SNUT2_HUMAN,PRP31_HUMAN,USP39 CGI-21 HSPC332 PRO2855,PRPF31 PRP31
11975,Q53GS9,Q9NX24,0.34834757447242737,SNUT2_HUMAN,NHP2_HUMAN,USP39 CGI-21 HSPC332 PRO2855,NHP2 NOLA2 HSPC286
18750,Q53GS9,Q92620,0.34668126702308655,SNUT2_HUMAN,PRP16_HUMAN,USP39 CGI-21 HSPC332 PRO2855,DHX38 DDX38 KIAA0224 PRP16
5299,Q53GS9,Q9H503,0.3460090756416321,SNUT2_HUMAN,BAFL_HUMAN,USP39 CGI-21 HSPC332 PRO2855,BANF2 BAFL C20orf179
2352,Q53GS9,P04004,0.34482088685035706,SNUT2_HUMAN,VTNC_HUMAN,USP39 CGI-21 HSPC332 PRO2855,VTN
3635,Q53GS9,P62314,0.34449777007102966,SNUT2_HUMAN,SMD1_HUMAN,USP39 CGI-21 HSPC332 PRO2855,SNRPD1
11177,Q53GS9,Q15233,0.3441510796546936,SNUT2_HUMAN,NONO_HUMAN,USP39 CGI-21 HSPC332 PRO2855,NONO NRB54
16182,Q53GS9,Q86YP4,0.34411752223968506,SNUT2_HUMAN,P66A_HUMAN,USP39 CGI-21 HSPC332 PRO2855,GATAD2A
16590,Q53GS9,P61978,0.3406776189804077,SNUT2_HUMAN,HNRPK_HUMAN,USP39 CGI-21 HSPC332 PRO2855,HNRNPK HNRPK
5289,Q53GS9,O75936,0.34037232398986816,SNUT2_HUMAN,BODG_HUMAN,USP39 CGI-21 HSPC332 PRO2855,BBOX1 BBH BBOX
1752,Q53GS9,P24928,0.3396355211734772,SNUT2_HUMAN,RPB1_HUMAN,USP39 CGI-21 HSPC332 PRO2855,POLR2A POLR2
1578,Q53GS9,Q587J7,0.33340924978256226,SNUT2_HUMAN,TDR12_HUMAN,USP39 CGI-21 HSPC332 PRO2855,TDRD12 ECAT8
13113,Q53GS9,Q9NXZ2,0.3287559449672699,SNUT2_HUMAN,DDX43_HUMAN,USP39 CGI-21 HSPC332 PRO2855,DDX43 HAGE
12246,Q53GS9,P51610,0.32830923795700073,SNUT2_HUMAN,HCFC1_HUMAN,USP39 CGI-21 HSPC332 PRO2855,HCFC1 HCF1 HFC1
20348,Q53GS9,Q96I25,0.3193722665309906,SNUT2_HUMAN,SPF45_HUMAN,USP39 CGI-21 HSPC332 PRO2855,RBM17 SPF45
8783,Q53GS9,Q96P64,0.3132309317588806,SNUT2_HUMAN,AGAP4_HUMAN,USP39 CGI-21 HSPC332 PRO2855,AGAP4 AGAP8 CTGLF1 CTGLF5 MRIP2
13286,Q53GS9,Q86X53,0.3122471868991852,SNUT2_HUMAN,ERIC1_HUMAN,USP39 CGI-21 HSPC332 PRO2855,ERICH1 HSPC319
19515,Q53GS9,Q8TC36,0.30997806787490845,SNUT2_HUMAN,SUN5_HUMAN,USP39 CGI-21 HSPC332 PRO2855,SUN5 SPAG4L TSARG4
7191,Q53GS9,Q9H845,0.30262869596481323,SNUT2_HUMAN,ACAD9_HUMAN,USP39 CGI-21 HSPC332 PRO2855,ACAD9
12550,Q53GS9,Q9H5Z1,0.3025283217430115,SNUT2_HUMAN,DHX35_HUMAN,USP39 CGI-21 HSPC332 PRO2855,DHX35 C20orf15 DDX35
7089,Q53GS9,P28340,0.301959753036499,SNUT2_HUMAN,DPOD1_HUMAN,USP39 CGI-21 HSPC332 PRO2855,POLD1 POLD
14275,Q53GS9,P52799,0.29943132400512695,SNUT2_HUMAN,EFNB2_HUMAN,USP39 CGI-21 HSPC332 PRO2855,EFNB2 EPLG5 HTKL LERK5
14608,Q53GS9,Q969L4,0.2965497076511383,SNUT2_HUMAN,LSM10_HUMAN,USP39 CGI-21 HSPC332 PRO2855,LSM10
7294,Q53GS9,Q9BZJ0,0.29560336470603943,SNUT2_HUMAN,CRNL1_HUMAN,USP39 CGI-21 HSPC332 PRO2855,CRNKL1 CRN CGI-201 MSTP021
10965,Q53GS9,P38919,0.29516157507896423,SNUT2_HUMAN,IF4A3_HUMAN,USP39 CGI-21 HSPC332 PRO2855,EIF4A3 DDX48 KIAA0111
15468,Q53GS9,Q8WXF1,0.2904885709285736,SNUT2_HUMAN,PSPC1_HUMAN,USP39 CGI-21 HSPC332 PRO2855,PSPC1 PSP1
16385,Q53GS9,O14979,0.28685516119003296,SNUT2_HUMAN,HNRDL_HUMAN,USP39 CGI-21 HSPC332 PRO2855,HNRNPDL HNRPDL JKTBP
4675,Q53GS9,Q8TAF3,0.286746084690094,SNUT2_HUMAN,WDR48_HUMAN,USP39 CGI-21 HSPC332 PRO2855,WDR48 KIAA1449 UAF1
18420,Q53GS9,Q8IUH3,0.28556525707244873,SNUT2_HUMAN,RBM45_HUMAN,USP39 CGI-21 HSPC332 PRO2855,RBM45 DRB1 DRBP1
730,Q53GS9,Q15427,0.2852396070957184,SNUT2_HUMAN,SF3B4_HUMAN,USP39 CGI-21 HSPC332 PRO2855,SF3B4 SAP49
8217,Q53GS9,O60231,0.28201431035995483,SNUT2_HUMAN,DHX16_HUMAN,USP39 CGI-21 HSPC332 PRO2855,DHX16 DBP2 DDX16 KIAA0577 PRP2
4565,Q53GS9,Q969E8,0.2815845012664795,SNUT2_HUMAN,TSR2_HUMAN,USP39 CGI-21 HSPC332 PRO2855,TSR2
15542,Q53GS9,Q08380,0.2802460491657257,SNUT2_HUMAN,LG3BP_HUMAN,USP39 CGI-21 HSPC332 PRO2855,LGALS3BP M2BP
17865,Q53GS9,P36954,0.2787700295448303,SNUT2_HUMAN,RPB9_HUMAN,USP39 CGI-21 HSPC332 PRO2855,POLR2I
12454,Q53GS9,Q9GZR7,0.2774241268634796,SNUT2_HUMAN,DDX24_HUMAN,USP39 CGI-21 HSPC332 PRO2855,DDX24
1796,Q53GS9,P62316,0.2757284343242645,SNUT2_HUMAN,SMD2_HUMAN,USP39 CGI-21 HSPC332 PRO2855,SNRPD2 SNRPD1
14784,Q53GS9,Q99570,0.2718674838542938,SNUT2_HUMAN,PI3R4_HUMAN,USP39 CGI-21 HSPC332 PRO2855,PIK3R4 VPS15
19591,Q53GS9,P82675,0.2699923515319824,SNUT2_HUMAN,RT05_HUMAN,USP39 CGI-21 HSPC332 PRO2855,MRPS5
12824,Q53GS9,Q17RG1,0.26547351479530334,SNUT2_HUMAN,KCD19_HUMAN,USP39 CGI-21 HSPC332 PRO2855,KCTD19
7108,Q53GS9,Q9Y6V7,0.2639966607093811,SNUT2_HUMAN,DDX49_HUMAN,USP39 CGI-21 HSPC332 PRO2855,DDX49
132,Q53GS9,Q7Z7E8,0.2625214755535126,SNUT2_HUMAN,UB2Q1_HUMAN,USP39 CGI-21 HSPC332 PRO2855,UBE2Q1 NICE5 UBE2Q PRO3094
1798,Q53GS9,P23246,0.2605523467063904,SNUT2_HUMAN,SFPQ_HUMAN,USP39 CGI-21 HSPC332 PRO2855,SFPQ PSF
2666,Q53GS9,O43660,0.25917911529541016,SNUT2_HUMAN,PLRG1_HUMAN,USP39 CGI-21 HSPC332 PRO2855,PLRG1
19424,Q53GS9,O94906,0.2589927911758423,SNUT2_HUMAN,PRP6_HUMAN,USP39 CGI-21 HSPC332 PRO2855,PRPF6 C20orf14
11547,Q53GS9,O95235,0.2559830844402313,SNUT2_HUMAN,KI20A_HUMAN,USP39 CGI-21 HSPC332 PRO2855,KIF20A MKLP2 RAB6KIFL
6736,Q53GS9,O00148,0.252914696931839,SNUT2_HUMAN,DX39A_HUMAN,USP39 CGI-21 HSPC332 PRO2855,DDX39A DDX39
382,Q53GS9,P26599,0.2504439055919647,SNUT2_HUMAN,PTBP1_HUMAN,USP39 CGI-21 HSPC332 PRO2855,PTBP1 PTB
2122,Q53GS9,O94880,0.24941717088222504,SNUT2_HUMAN,PHF14_HUMAN,USP39 CGI-21 HSPC332 PRO2855,PHF14 KIAA0783
20066,Q53GS9,Q9UMS4,0.2468928098678589,SNUT2_HUMAN,PRP19_HUMAN,USP39 CGI-21 HSPC332 PRO2855,PRPF19 NMP200 PRP19 SNEV
8041,Q53GS9,O96019,0.24576769769191742,SNUT2_HUMAN,ACL6A_HUMAN,USP39 CGI-21 HSPC332 PRO2855,ACTL6A BAF53 BAF53A INO80K
2549,Q53GS9,Q15061,0.24228644371032715,SNUT2_HUMAN,WDR43_HUMAN,USP39 CGI-21 HSPC332 PRO2855,WDR43 KIAA0007 UTP5
7002,Q53GS9,P41223,0.24059294164180756,SNUT2_HUMAN,BUD31_HUMAN,USP39 CGI-21 HSPC332 PRO2855,BUD31 EDG2
308,Q53GS9,Q9UH99,0.23455026745796204,SNUT2_HUMAN,SUN2_HUMAN,USP39 CGI-21 HSPC332 PRO2855,SUN2 FRIGG KIAA0668 RAB5IP UNC84B
87,Q53GS9,Q9UHR6,0.23179686069488525,SNUT2_HUMAN,ZNHI2_HUMAN,USP39 CGI-21 HSPC332 PRO2855,ZNHIT2 C11orf5
16192,Q53GS9,Q15102,0.23170334100723267,SNUT2_HUMAN,PA1B3_HUMAN,USP39 CGI-21 HSPC332 PRO2855,PAFAH1B3 PAFAHG
18351,Q53GS9,P84103,0.23023930191993713,SNUT2_HUMAN,SRSF3_HUMAN,USP39 CGI-21 HSPC332 PRO2855,SRSF3 SFRS3 SRP20
7595,Q53GS9,Q5T1V6,0.22748668491840363,SNUT2_HUMAN,DDX59_HUMAN,USP39 CGI-21 HSPC332 PRO2855,DDX59 ZNHIT5
13108,Q53GS9,Q9NVP1,0.22107379138469696,SNUT2_HUMAN,DDX18_HUMAN,USP39 CGI-21 HSPC332 PRO2855,DDX18 cPERP-D
18239,Q53GS9,Q15366,0.22070635855197906,SNUT2_HUMAN,PCBP2_HUMAN,USP39 CGI-21 HSPC332 PRO2855,PCBP2
15070,Q53GS9,Q86U38,0.21898145973682404,SNUT2_HUMAN,NOP9_HUMAN,USP39 CGI-21 HSPC332 PRO2855,NOP9 C14orf21 KIAA2021
6689,Q53GS9,Q14562,0.21774737536907196,SNUT2_HUMAN,DHX8_HUMAN,USP39 CGI-21 HSPC332 PRO2855,DHX8 DDX8
17661,Q53GS9,Q9NW64,0.21774034202098846,SNUT2_HUMAN,RBM22_HUMAN,USP39 CGI-21 HSPC332 PRO2855,RBM22 ZC3H16 199G4
15609,Q53GS9,Q8TF71,0.21634960174560547,SNUT2_HUMAN,MOT10_HUMAN,USP39 CGI-21 HSPC332 PRO2855,SLC16A10 MCT10 TAT1
19369,Q53GS9,Q15365,0.21583355963230133,SNUT2_HUMAN,PCBP1_HUMAN,USP39 CGI-21 HSPC332 PRO2855,PCBP1
8187,Q53GS9,O75937,0.2125508189201355,SNUT2_HUMAN,DNJC8_HUMAN,USP39 CGI-21 HSPC332 PRO2855,DNAJC8 SPF31 HSPC315 HSPC331
13971,Q53GS9,Q9NPA2,0.21086886525154114,SNUT2_HUMAN,MMP25_HUMAN,USP39 CGI-21 HSPC332 PRO2855,MMP25 MMP20 MMPL1 MT6MMP
3589,Q53GS9,P38435,0.21086454391479492,SNUT2_HUMAN,VKGC_HUMAN,USP39 CGI-21 HSPC332 PRO2855,GGCX GC
7593,Q53GS9,Q9BUQ8,0.21026496589183807,SNUT2_HUMAN,DDX23_HUMAN,USP39 CGI-21 HSPC332 PRO2855,DDX23
13708,Q53GS9,P15090,0.20605668425559998,SNUT2_HUMAN,FABP4_HUMAN,USP39 CGI-21 HSPC332 PRO2855,FABP4
11742,Q53GS9,Q92841,0.2023642361164093,SNUT2_HUMAN,DDX17_HUMAN,USP39 CGI-21 HSPC332 PRO2855,DDX17
4432,Q53GS9,O60508,0.20097996294498444,SNUT2_HUMAN,PRP17_HUMAN,USP39 CGI-21 HSPC332 PRO2855,CDC40 EHB3 PRP17 PRPF17
16569,Q53GS9,Q15751,0.19941025972366333,SNUT2_HUMAN,HERC1_HUMAN,USP39 CGI-21 HSPC332 PRO2855,HERC1
987,Q53GS9,Q7Z4S9,0.19894054532051086,SNUT2_HUMAN,SH2D6_HUMAN,USP39 CGI-21 HSPC332 PRO2855,SH2D6
18595,Q53GS9,O75643,0.1963759809732437,SNUT2_HUMAN,U520_HUMAN,USP39 CGI-21 HSPC332 PRO2855,SNRNP200 ASCC3L1 HELIC2 KIAA0788
13225,Q53GS9,O75821,0.1956753432750702,SNUT2_HUMAN,EIF3G_HUMAN,USP39 CGI-21 HSPC332 PRO2855,EIF3G EIF3S4
7863,Q53GS9,Q13206,0.19537626206874847,SNUT2_HUMAN,DDX10_HUMAN,USP39 CGI-21 HSPC332 PRO2855,DDX10
4774,Q53GS9,O15498,0.19442780315876007,SNUT2_HUMAN,YKT6_HUMAN,USP39 CGI-21 HSPC332 PRO2855,YKT6
17979,Q53GS9,P22626,0.19435589015483856,SNUT2_HUMAN,ROA2_HUMAN,USP39 CGI-21 HSPC332 PRO2855,HNRNPA2B1 HNRPA2B1
10478,Q53GS9,P26196,0.19351446628570557,SNUT2_HUMAN,DDX6_HUMAN,USP39 CGI-21 HSPC332 PRO2855,DDX6 HLR2 RCK
17638,Q53GS9,O95183,0.18898862600326538,SNUT2_HUMAN,VAMP5_HUMAN,USP39 CGI-21 HSPC332 PRO2855,VAMP5 HSPC191
14646,Q53GS9,P55081,0.1877627968788147,SNUT2_HUMAN,MFAP1_HUMAN,USP39 CGI-21 HSPC332 PRO2855,MFAP1
7498,Q53GS9,Q8IWX8,0.1874280422925949,SNUT2_HUMAN,CHERP_HUMAN,USP39 CGI-21 HSPC332 PRO2855,CHERP DAN26 SCAF6
17170,Q53GS9,Q8IWZ8,0.18611522018909454,SNUT2_HUMAN,SUGP1_HUMAN,USP39 CGI-21 HSPC332 PRO2855,SUGP1 SF4
14944,Q53GS9,P14866,0.18321958184242249,SNUT2_HUMAN,HNRPL_HUMAN,USP39 CGI-21 HSPC332 PRO2855,HNRNPL HNRPL P/OKcl.14
9969,Q53GS9,Q99459,0.18107444047927856,SNUT2_HUMAN,CDC5L_HUMAN,USP39 CGI-21 HSPC332 PRO2855,CDC5L KIAA0432 PCDC5RP
4377,Q53GS9,P26368,0.17944370210170746,SNUT2_HUMAN,U2AF2_HUMAN,USP39 CGI-21 HSPC332 PRO2855,U2AF2 U2AF65
8474,Q53GS9,Q09019,0.17841972410678864,SNUT2_HUMAN,DMWD_HUMAN,USP39 CGI-21 HSPC332 PRO2855,DMWD DM9
3518,Q53GS9,Q96IZ7,0.1772792488336563,SNUT2_HUMAN,RSRC1_HUMAN,USP39 CGI-21 HSPC332 PRO2855,RSRC1 SRRP53 BM-011
13137,Q53GS9,Q08211,0.17669488489627838,SNUT2_HUMAN,DHX9_HUMAN,USP39 CGI-21 HSPC332 PRO2855,DHX9 DDX9 LKP NDH2
3363,Q53GS9,Q6P3X3,0.17598752677440643,SNUT2_HUMAN,TTC27_HUMAN,USP39 CGI-21 HSPC332 PRO2855,TTC27
14631,Q53GS9,P33993,0.17586052417755127,SNUT2_HUMAN,MCM7_HUMAN,USP39 CGI-21 HSPC332 PRO2855,MCM7 CDC47 MCM2
16049,Q53GS9,P09429,0.17505282163619995,SNUT2_HUMAN,HMGB1_HUMAN,USP39 CGI-21 HSPC332 PRO2855,HMGB1 HMG1
10788,Q53GS9,Q3MIP1,0.17465995252132416,SNUT2_HUMAN,IPIL2_HUMAN,USP39 CGI-21 HSPC332 PRO2855,ITPRIPL2
7293,Q53GS9,P04632,0.17436347901821136,SNUT2_HUMAN,CPNS1_HUMAN,USP39 CGI-21 HSPC332 PRO2855,CAPNS1 CAPN4 CAPNS
17373,Q53GS9,Q96Q89,0.17076504230499268,SNUT2_HUMAN,KI20B_HUMAN,USP39 CGI-21 HSPC332 PRO2855,KIF20B KRMP1 MPHOSPH1
7514,Q53GS9,Q12834,0.16736707091331482,SNUT2_HUMAN,CDC20_HUMAN,USP39 CGI-21 HSPC332 PRO2855,CDC20
19109,Q53GS9,Q96LT9,0.16709397733211517,SNUT2_HUMAN,RNPC3_HUMAN,USP39 CGI-21 HSPC332 PRO2855,RNPC3 KIAA1839 RBM40 RNP SNRNP65
7852,Q53GS9,Q05048,0.16535097360610962,SNUT2_HUMAN,CSTF1_HUMAN,USP39 CGI-21 HSPC332 PRO2855,CSTF1
6194,Q53GS9,P33316,0.16511088609695435,SNUT2_HUMAN,DUT_HUMAN,USP39 CGI-21 HSPC332 PRO2855,DUT
19978,Q53GS9,P18754,0.16448144614696503,SNUT2_HUMAN,RCC1_HUMAN,USP39 CGI-21 HSPC332 PRO2855,RCC1 CHC1
17978,Q53GS9,P09651,0.16225118935108185,SNUT2_HUMAN,ROA1_HUMAN,USP39 CGI-21 HSPC332 PRO2855,HNRNPA1 HNRPA1
20203,Q53GS9,Q9NPJ6,0.1621357947587967,SNUT2_HUMAN,MED4_HUMAN,USP39 CGI-21 HSPC332 PRO2855,MED4 ARC36 DRIP36 VDRIP HSPC126
4524,Q53GS9,Q9NUQ7,0.16187573969364166,SNUT2_HUMAN,UFSP2_HUMAN,USP39 CGI-21 HSPC332 PRO2855,UFSP2 C4orf20
2321,Q53GS9,Q9Y3B4,0.15908581018447876,SNUT2_HUMAN,SF3B6_HUMAN,USP39 CGI-21 HSPC332 PRO2855,SF3B6 SAP14 SF3B14 SF3B14A CGI-110 HSPC175 HT006
4695,Q53GS9,P49756,0.15874336659908295,SNUT2_HUMAN,RBM25_HUMAN,USP39 CGI-21 HSPC332 PRO2855,RBM25 RNPC7
1536,Q53GS9,Q8TAQ9,0.15848754346370697,SNUT2_HUMAN,SUN3_HUMAN,USP39 CGI-21 HSPC332 PRO2855,SUN3 SUNC1
5885,Q53GS9,O94913,0.15818017721176147,SNUT2_HUMAN,PCF11_HUMAN,USP39 CGI-21 HSPC332 PRO2855,PCF11 KIAA0824
19988,Q53GS9,P09234,0.1571696400642395,SNUT2_HUMAN,RU1C_HUMAN,USP39 CGI-21 HSPC332 PRO2855,SNRPC
11127,Q53GS9,Q9BRA0,0.15697462856769562,SNUT2_HUMAN,LSMD1_HUMAN,USP39 CGI-21 HSPC332 PRO2855,NAA38 LSMD1 MAK31 PFAAP2
4125,Q53GS9,Q9BQ61,0.15602225065231323,SNUT2_HUMAN,TRIR_HUMAN,USP39 CGI-21 HSPC332 PRO2855,TRIR C19orf43
5533,Q53GS9,P12235,0.15585866570472717,SNUT2_HUMAN,ADT1_HUMAN,USP39 CGI-21 HSPC332 PRO2855,SLC25A4 AAC1 ANT1
15642,Q53GS9,O43172,0.15517807006835938,SNUT2_HUMAN,PRP4_HUMAN,USP39 CGI-21 HSPC332 PRO2855,PRPF4 PRP4
18119,Q53GS9,Q15428,0.15284252166748047,SNUT2_HUMAN,SF3A2_HUMAN,USP39 CGI-21 HSPC332 PRO2855,SF3A2 SAP62
7987,Q53GS9,Q8WVV9,0.15265420079231262,SNUT2_HUMAN,HNRLL_HUMAN,USP39 CGI-21 HSPC332 PRO2855,HNRNPLL HNRPLL SRRF BLOCK24
17694,Q53GS9,P09661,0.15089313685894012,SNUT2_HUMAN,RU2A_HUMAN,USP39 CGI-21 HSPC332 PRO2855,SNRPA1
11747,Q53GS9,Q9NY93,0.14913403987884521,SNUT2_HUMAN,DDX56_HUMAN,USP39 CGI-21 HSPC332 PRO2855,DDX56 DDX21 NOH61
14200,Q53GS9,Q9HCG8,0.14889630675315857,SNUT2_HUMAN,CWC22_HUMAN,USP39 CGI-21 HSPC332 PRO2855,CWC22 KIAA1604 NCM
16587,Q53GS9,P31943,0.14843808114528656,SNUT2_HUMAN,HNRH1_HUMAN,USP39 CGI-21 HSPC332 PRO2855,HNRNPH1 HNRPH HNRPH1
19493,Q53GS9,Q13247,0.14827166497707367,SNUT2_HUMAN,SRSF6_HUMAN,USP39 CGI-21 HSPC332 PRO2855,SRSF6 SFRS6 SRP55
16218,Q53GS9,O15541,0.14738649129867554,SNUT2_HUMAN,R113A_HUMAN,USP39 CGI-21 HSPC332 PRO2855,RNF113A RNF113 ZNF183
704,Q53GS9,P25398,0.1466217041015625,SNUT2_HUMAN,RS12_HUMAN,USP39 CGI-21 HSPC332 PRO2855,RPS12
10833,Q53GS9,O95400,0.14533095061779022,SNUT2_HUMAN,CD2B2_HUMAN,USP39 CGI-21 HSPC332 PRO2855,CD2BP2 KIAA1178
5414,Q53GS9,Q8NHQ9,0.14238257706165314,SNUT2_HUMAN,DDX55_HUMAN,USP39 CGI-21 HSPC332 PRO2855,DDX55 KIAA1595
5411,Q53GS9,Q8TDD1,0.1404487043619156,SNUT2_HUMAN,DDX54_HUMAN,USP39 CGI-21 HSPC332 PRO2855,DDX54
14157,Q53GS9,Q86U42,0.13883505761623383,SNUT2_HUMAN,PABP2_HUMAN,USP39 CGI-21 HSPC332 PRO2855,PABPN1 PAB2 PABP2
3044,Q53GS9,Q8TBZ3,0.1386900246143341,SNUT2_HUMAN,WDR20_HUMAN,USP39 CGI-21 HSPC332 PRO2855,WDR20
19361,Q53GS9,Q07955,0.13804297149181366,SNUT2_HUMAN,SRSF1_HUMAN,USP39 CGI-21 HSPC332 PRO2855,SRSF1 ASF SF2 SF2P33 SFRS1 OK/SW-cl.3
11746,Q53GS9,Q8N3X1,0.13749255239963531,SNUT2_HUMAN,FNBP4_HUMAN,USP39 CGI-21 HSPC332 PRO2855,FNBP4 FBP30 KIAA1014
1770,Q53GS9,Q9P0P0,0.1366138905286789,SNUT2_HUMAN,RN181_HUMAN,USP39 CGI-21 HSPC332 PRO2855,RNF181 HSPC238
6701,Q53GS9,Q9UN86,0.1360490918159485,SNUT2_HUMAN,G3BP2_HUMAN,USP39 CGI-21 HSPC332 PRO2855,G3BP2 KIAA0660
1471,Q53GS9,Q9H267,0.13578802347183228,SNUT2_HUMAN,VP33B_HUMAN,USP39 CGI-21 HSPC332 PRO2855,VPS33B
12542,Q53GS9,Q6Y2X3,0.13538755476474762,SNUT2_HUMAN,DJC14_HUMAN,USP39 CGI-21 HSPC332 PRO2855,DNAJC14 DRIP78 HDJ3
5404,Q53GS9,Q9BQ39,0.1353529989719391,SNUT2_HUMAN,DDX50_HUMAN,USP39 CGI-21 HSPC332 PRO2855,DDX50
2602,Q53GS9,P51991,0.13508641719818115,SNUT2_HUMAN,ROA3_HUMAN,USP39 CGI-21 HSPC332 PRO2855,HNRNPA3 HNRPA3
11038,Q53GS9,A2PYH4,0.13471774756908417,SNUT2_HUMAN,HFM1_HUMAN,USP39 CGI-21 HSPC332 PRO2855,HFM1 SEC3D1
13214,Q53GS9,Q15717,0.13466684520244598,SNUT2_HUMAN,ELAV1_HUMAN,USP39 CGI-21 HSPC332 PRO2855,ELAVL1 HUR
340,Q53GS9,P47897,0.13342879712581635,SNUT2_HUMAN,SYQ_HUMAN,USP39 CGI-21 HSPC332 PRO2855,QARS1 QARS
14405,Q53GS9,Q9NVX7,0.13250061869621277,SNUT2_HUMAN,KBTB4_HUMAN,USP39 CGI-21 HSPC332 PRO2855,KBTBD4 BKLHD4
17208,Q53GS9,Q86V81,0.1304253339767456,SNUT2_HUMAN,THOC4_HUMAN,USP39 CGI-21 HSPC332 PRO2855,ALYREF ALY BEF THOC4
19968,Q53GS9,Q9UNP9,0.13041281700134277,SNUT2_HUMAN,PPIE_HUMAN,USP39 CGI-21 HSPC332 PRO2855,PPIE CYP33
7801,Q53GS9,P33552,0.13012847304344177,SNUT2_HUMAN,CKS2_HUMAN,USP39 CGI-21 HSPC332 PRO2855,CKS2
1153,Q53GS9,Q9UJT0,0.12611716985702515,SNUT2_HUMAN,TBE_HUMAN,USP39 CGI-21 HSPC332 PRO2855,TUBE1 TUBE
19489,Q53GS9,Q01130,0.12547297775745392,SNUT2_HUMAN,SRSF2_HUMAN,USP39 CGI-21 HSPC332 PRO2855,SRSF2 SFRS2
12471,Q53GS9,P17844,0.12496495991945267,SNUT2_HUMAN,DDX5_HUMAN,USP39 CGI-21 HSPC332 PRO2855,DDX5 G17P1 HELR HLR1
17712,Q53GS9,P82979,0.12376415729522705,SNUT2_HUMAN,SARNP_HUMAN,USP39 CGI-21 HSPC332 PRO2855,SARNP HCC1 HSPC316
12570,Q53GS9,P09622,0.12277427315711975,SNUT2_HUMAN,DLDH_HUMAN,USP39 CGI-21 HSPC332 PRO2855,DLD GCSL LAD PHE3
5398,Q53GS9,Q9UJV9,0.12268271297216415,SNUT2_HUMAN,DDX41_HUMAN,USP39 CGI-21 HSPC332 PRO2855,DDX41 ABS
17679,Q53GS9,Q5JTZ9,0.12110809981822968,SNUT2_HUMAN,SYAM_HUMAN,USP39 CGI-21 HSPC332 PRO2855,AARS2 AARSL KIAA1270
2517,Q53GS9,Q14694,0.12028273195028305,SNUT2_HUMAN,UBP10_HUMAN,USP39 CGI-21 HSPC332 PRO2855,USP10 KIAA0190
5401,Q53GS9,Q7L014,0.11968840658664703,SNUT2_HUMAN,DDX46_HUMAN,USP39 CGI-21 HSPC332 PRO2855,DDX46 KIAA0801
13917,Q53GS9,Q9Y333,0.11863584816455841,SNUT2_HUMAN,LSM2_HUMAN,USP39 CGI-21 HSPC332 PRO2855,LSM2 C6orf28 G7B
691,Q53GS9,P19387,0.1163473054766655,SNUT2_HUMAN,RPB3_HUMAN,USP39 CGI-21 HSPC332 PRO2855,POLR2C A-152E5.7
12774,Q53GS9,Q5TA45,0.1158643513917923,SNUT2_HUMAN,INT11_HUMAN,USP39 CGI-21 HSPC332 PRO2855,INTS11 CPSF3L RC68
4922,Q53GS9,Q9Y2W2,0.11518657952547073,SNUT2_HUMAN,WBP11_HUMAN,USP39 CGI-21 HSPC332 PRO2855,WBP11 NPWBP SIPP1 SNP70
13755,Q53GS9,Q14103,0.11169232428073883,SNUT2_HUMAN,HNRPD_HUMAN,USP39 CGI-21 HSPC332 PRO2855,HNRNPD AUF1 HNRPD
12539,Q53GS9,Q9UBS4,0.1116262823343277,SNUT2_HUMAN,DJB11_HUMAN,USP39 CGI-21 HSPC332 PRO2855,DNAJB11 EDJ ERJ3 HDJ9 PSEC0121 UNQ537/PRO1080
14193,Q53GS9,Q9P013,0.11109095811843872,SNUT2_HUMAN,CWC15_HUMAN,USP39 CGI-21 HSPC332 PRO2855,CWC15 C11orf5 AD-002 HSPC148
113,Q53GS9,Q9BRJ7,0.11107885837554932,SNUT2_HUMAN,TIRR_HUMAN,USP39 CGI-21 HSPC332 PRO2855,NUDT16L1 SDOS TIRR
16920,Q53GS9,O75592,0.11098538339138031,SNUT2_HUMAN,MYCB2_HUMAN,USP39 CGI-21 HSPC332 PRO2855,MYCBP2 KIAA0916 PAM
19494,Q53GS9,Q13242,0.10964794456958771,SNUT2_HUMAN,SRSF9_HUMAN,USP39 CGI-21 HSPC332 PRO2855,SRSF9 SFRS9 SRP30C
15396,Q53GS9,P18615,0.1092320904135704,SNUT2_HUMAN,NELFE_HUMAN,USP39 CGI-21 HSPC332 PRO2855,NELFE RD RDBP
2888,Q53GS9,P52435,0.1045679897069931,SNUT2_HUMAN,RPB11_HUMAN,USP39 CGI-21 HSPC332 PRO2855,POLR2J POLR2J1
14703,Q53GS9,P52298,0.10454102605581284,SNUT2_HUMAN,NCBP2_HUMAN,USP39 CGI-21 HSPC332 PRO2855,NCBP2 CBP20 PIG55
20145,Q53GS9,P00734,0.1037503331899643,SNUT2_HUMAN,THRB_HUMAN,USP39 CGI-21 HSPC332 PRO2855,F2
11041,Q53GS9,Q15034,0.10351703315973282,SNUT2_HUMAN,HERC3_HUMAN,USP39 CGI-21 HSPC332 PRO2855,HERC3 KIAA0032
7204,Q53GS9,Q15059,0.10343696922063828,SNUT2_HUMAN,BRD3_HUMAN,USP39 CGI-21 HSPC332 PRO2855,BRD3 KIAA0043 RING3L
4317,Q53GS9,O75604,0.10331124812364578,SNUT2_HUMAN,UBP2_HUMAN,USP39 CGI-21 HSPC332 PRO2855,USP2 UBP41
14318,Q53GS9,Q8IUC8,0.10274860262870789,SNUT2_HUMAN,GLT13_HUMAN,USP39 CGI-21 HSPC332 PRO2855,GALNT13 KIAA1918
3910,Q53GS9,Q9Y2K6,0.10270706564188004,SNUT2_HUMAN,UBP20_HUMAN,USP39 CGI-21 HSPC332 PRO2855,USP20 KIAA1003 LSFR3A VDU2
19677,Q53GS9,P09012,0.09916267544031143,SNUT2_HUMAN,SNRPA_HUMAN,USP39 CGI-21 HSPC332 PRO2855,SNRPA
2883,Q53GS9,P62875,0.09748093783855438,SNUT2_HUMAN,RPAB5_HUMAN,USP39 CGI-21 HSPC332 PRO2855,POLR2L
20119,Q53GS9,Q6ZMZ3,0.09682010859251022,SNUT2_HUMAN,SYNE3_HUMAN,USP39 CGI-21 HSPC332 PRO2855,SYNE3 C14orf139 C14orf49 LINC00341
19592,Q53GS9,P08579,0.09635036438703537,SNUT2_HUMAN,RU2B_HUMAN,USP39 CGI-21 HSPC332 PRO2855,SNRPB2
18958,Q53GS9,P52272,0.09611791372299194,SNUT2_HUMAN,HNRPM_HUMAN,USP39 CGI-21 HSPC332 PRO2855,HNRNPM HNRPM NAGR1
5733,Q53GS9,Q9H9V9,0.09557435661554337,SNUT2_HUMAN,JMJD4_HUMAN,USP39 CGI-21 HSPC332 PRO2855,JMJD4
7151,Q53GS9,P35637,0.09416282922029495,SNUT2_HUMAN,FUS_HUMAN,USP39 CGI-21 HSPC332 PRO2855,FUS TLS
1063,Q53GS9,Q969M7,0.09397318214178085,SNUT2_HUMAN,UBE2F_HUMAN,USP39 CGI-21 HSPC332 PRO2855,UBE2F NCE2
12354,Q53GS9,Q9UMY1,0.09352269768714905,SNUT2_HUMAN,NOL7_HUMAN,USP39 CGI-21 HSPC332 PRO2855,NOL7 C6orf90 NOP27
5653,Q53GS9,P25440,0.09291470050811768,SNUT2_HUMAN,BRD2_HUMAN,USP39 CGI-21 HSPC332 PRO2855,BRD2 KIAA9001 RING3
15114,Q53GS9,Q96BN8,0.09054914861917496,SNUT2_HUMAN,OTUL_HUMAN,USP39 CGI-21 HSPC332 PRO2855,OTULIN FAM105B
10188,Q53GS9,P53582,0.09022485464811325,SNUT2_HUMAN,MAP11_HUMAN,USP39 CGI-21 HSPC332 PRO2855,METAP1 KIAA0094
10805,Q53GS9,P52292,0.08807071298360825,SNUT2_HUMAN,IMA1_HUMAN,USP39 CGI-21 HSPC332 PRO2855,KPNA2 RCH1 SRP1
1741,Q53GS9,Q9Y265,0.08712450414896011,SNUT2_HUMAN,RUVB1_HUMAN,USP39 CGI-21 HSPC332 PRO2855,RUVBL1 INO80H NMP238 TIP49 TIP49A
7858,Q53GS9,Q6UN15,0.08632213622331619,SNUT2_HUMAN,FIP1_HUMAN,USP39 CGI-21 HSPC332 PRO2855,FIP1L1 FIP1 RHE
17251,Q53GS9,Q5U5R9,0.08506123721599579,SNUT2_HUMAN,HECD2_HUMAN,USP39 CGI-21 HSPC332 PRO2855,HECTD2
18342,Q53GS9,Q9NPE6,0.08479920029640198,SNUT2_HUMAN,SPAG4_HUMAN,USP39 CGI-21 HSPC332 PRO2855,SPAG4 SUN4
7119,Q53GS9,Q12926,0.0843132957816124,SNUT2_HUMAN,ELAV2_HUMAN,USP39 CGI-21 HSPC332 PRO2855,ELAVL2 HUB
20329,Q53GS9,Q9BRL6,0.08392047882080078,SNUT2_HUMAN,SRSF8_HUMAN,USP39 CGI-21 HSPC332 PRO2855,SRSF8 SFRS2B SRP46
9163,Q53GS9,Q96K17,0.08257751166820526,SNUT2_HUMAN,BT3L4_HUMAN,USP39 CGI-21 HSPC332 PRO2855,BTF3L4
20043,Q53GS9,O75925,0.08232531696557999,SNUT2_HUMAN,PIAS1_HUMAN,USP39 CGI-21 HSPC332 PRO2855,PIAS1 DDXBP1
3874,Q53GS9,P62068,0.08218320459127426,SNUT2_HUMAN,UBP46_HUMAN,USP39 CGI-21 HSPC332 PRO2855,USP46
2603,Q53GS9,Q13151,0.079727903008461,SNUT2_HUMAN,ROA0_HUMAN,USP39 CGI-21 HSPC332 PRO2855,HNRNPA0 HNRPA0
4138,Q53GS9,Q8TAV4,0.0791657492518425,SNUT2_HUMAN,STML3_HUMAN,USP39 CGI-21 HSPC332 PRO2855,STOML3
12411,Q53GS9,Q8N3C0,0.0790378525853157,SNUT2_HUMAN,ASCC3_HUMAN,USP39 CGI-21 HSPC332 PRO2855,ASCC3 HELIC1 RQT2
938,Q53GS9,O95071,0.0789349153637886,SNUT2_HUMAN,UBR5_HUMAN,USP39 CGI-21 HSPC332 PRO2855,UBR5 EDD EDD1 HYD KIAA0896
19511,Q53GS9,O94901,0.07826753705739975,SNUT2_HUMAN,SUN1_HUMAN,USP39 CGI-21 HSPC332 PRO2855,SUN1 KIAA0810 UNC84A
13577,Q53GS9,P41208,0.07750147581100464,SNUT2_HUMAN,CETN2_HUMAN,USP39 CGI-21 HSPC332 PRO2855,CETN2 CALT CEN2
17790,Q53GS9,Q6IN85,0.07199446856975555,SNUT2_HUMAN,P4R3A_HUMAN,USP39 CGI-21 HSPC332 PRO2855,PPP4R3A KIAA2010 PP4R3A SMEK1 MSTP033
4742,Q53GS9,Q93009,0.07135158777236938,SNUT2_HUMAN,UBP7_HUMAN,USP39 CGI-21 HSPC332 PRO2855,USP7 HAUSP
15723,Q53GS9,P49721,0.07022589445114136,SNUT2_HUMAN,PSB2_HUMAN,USP39 CGI-21 HSPC332 PRO2855,PSMB2
7413,Q53GS9,Q9HAY6,0.06985212862491608,SNUT2_HUMAN,BCDO1_HUMAN,USP39 CGI-21 HSPC332 PRO2855,BCO1 BCDO BCDO1 BCMO1
11623,Q53GS9,Q9UK45,0.06841189414262772,SNUT2_HUMAN,LSM7_HUMAN,USP39 CGI-21 HSPC332 PRO2855,LSM7
6606,Q53GS9,Q9NWV8,0.06767112016677856,SNUT2_HUMAN,BABA1_HUMAN,USP39 CGI-21 HSPC332 PRO2855,BABAM1 C19orf62 MERIT40 NBA1 HSPC142
5380,Q53GS9,Q2NKX9,0.06755436211824417,SNUT2_HUMAN,CB068_HUMAN,USP39 CGI-21 HSPC332 PRO2855,C2orf68
15997,Q53GS9,Q9Y4C8,0.06725696474313736,SNUT2_HUMAN,RBM19_HUMAN,USP39 CGI-21 HSPC332 PRO2855,RBM19 KIAA0682
406,Q53GS9,P63162,0.06706104427576065,SNUT2_HUMAN,RSMN_HUMAN,USP39 CGI-21 HSPC332 PRO2855,SNRPN HCERN3 SMN
17580,Q53GS9,Q15020,0.06642157584428787,SNUT2_HUMAN,SART3_HUMAN,USP39 CGI-21 HSPC332 PRO2855,SART3 KIAA0156 TIP110
14702,Q53GS9,Q09161,0.06623172014951706,SNUT2_HUMAN,NCBP1_HUMAN,USP39 CGI-21 HSPC332 PRO2855,NCBP1 CBP80 NCBP
7849,Q53GS9,Q96S65,0.06583912670612335,SNUT2_HUMAN,CSRN1_HUMAN,USP39 CGI-21 HSPC332 PRO2855,CSRNP1 AXUD1 TAIP3
7800,Q53GS9,P61024,0.06561965495347977,SNUT2_HUMAN,CKS1_HUMAN,USP39 CGI-21 HSPC332 PRO2855,CKS1B CKS1 PNAS-143 PNAS-16
3260,Q53GS9,Q9UMW8,0.0653257742524147,SNUT2_HUMAN,UBP18_HUMAN,USP39 CGI-21 HSPC332 PRO2855,USP18 ISG43
18376,Q53GS9,O15042,0.0647943988442421,SNUT2_HUMAN,SR140_HUMAN,USP39 CGI-21 HSPC332 PRO2855,U2SURP KIAA0332 SR140
17685,Q53GS9,P14678,0.06382046639919281,SNUT2_HUMAN,RSMB_HUMAN,USP39 CGI-21 HSPC332 PRO2855,SNRPB COD SNRPB1
19290,Q53GS9,Q9NRS4,0.06377074122428894,SNUT2_HUMAN,TMPS4_HUMAN,USP39 CGI-21 HSPC332 PRO2855,TMPRSS4 TMPRSS3 UNQ776/PRO1570
133,Q53GS9,Q70CQ4,0.0630779042840004,SNUT2_HUMAN,UBP31_HUMAN,USP39 CGI-21 HSPC332 PRO2855,USP31 KIAA1203
2795,Q53GS9,Q15287,0.06305340677499771,SNUT2_HUMAN,RNPS1_HUMAN,USP39 CGI-21 HSPC332 PRO2855,RNPS1 LDC2
1226,Q53GS9,Q9Y4E8,0.06245603412389755,SNUT2_HUMAN,UBP15_HUMAN,USP39 CGI-21 HSPC332 PRO2855,USP15 KIAA0529
13659,Q53GS9,Q86SP6,0.06131590157747269,SNUT2_HUMAN,GP149_HUMAN,USP39 CGI-21 HSPC332 PRO2855,GPR149 PGR10
4369,Q53GS9,P83876,0.060975007712841034,SNUT2_HUMAN,TXN4A_HUMAN,USP39 CGI-21 HSPC332 PRO2855,TXNL4A DIM1 TXNL4
5931,Q53GS9,P08195,0.06064707413315773,SNUT2_HUMAN,4F2_HUMAN,USP39 CGI-21 HSPC332 PRO2855,SLC3A2 MDU1
13316,Q53GS9,Q9BTP7,0.05983121320605278,SNUT2_HUMAN,FAP24_HUMAN,USP39 CGI-21 HSPC332 PRO2855,FAAP24 C19orf40
3439,Q53GS9,Q71RG4,0.0596008375287056,SNUT2_HUMAN,TMUB2_HUMAN,USP39 CGI-21 HSPC332 PRO2855,TMUB2 FP2653 UNQ1897/PRO4343
19392,Q53GS9,Q7RTV0,0.05769779905676842,SNUT2_HUMAN,PHF5A_HUMAN,USP39 CGI-21 HSPC332 PRO2855,PHF5A
18797,Q53GS9,Q8N6L0,0.05753270909190178,SNUT2_HUMAN,KASH5_HUMAN,USP39 CGI-21 HSPC332 PRO2855,KASH5 CCDC155
18116,Q53GS9,Q15459,0.05696110427379608,SNUT2_HUMAN,SF3A1_HUMAN,USP39 CGI-21 HSPC332 PRO2855,SF3A1 SAP114
280,Q53GS9,Q32P51,0.05663444101810455,SNUT2_HUMAN,RA1L2_HUMAN,USP39 CGI-21 HSPC332 PRO2855,HNRNPA1L2 HNRNPA1L
3653,Q53GS9,Q16629,0.05654241144657135,SNUT2_HUMAN,SRSF7_HUMAN,USP39 CGI-21 HSPC332 PRO2855,SRSF7 SFRS7
13616,Q53GS9,O15372,0.05527062714099884,SNUT2_HUMAN,EIF3H_HUMAN,USP39 CGI-21 HSPC332 PRO2855,EIF3H EIF3S3
18989,Q53GS9,Q14566,0.054956577718257904,SNUT2_HUMAN,MCM6_HUMAN,USP39 CGI-21 HSPC332 PRO2855,MCM6
6998,Q53GS9,O75150,0.05467281863093376,SNUT2_HUMAN,BRE1B_HUMAN,USP39 CGI-21 HSPC332 PRO2855,RNF40 BRE1B KIAA0661
1998,Q53GS9,P63165,0.05459900572896004,SNUT2_HUMAN,SUMO1_HUMAN,USP39 CGI-21 HSPC332 PRO2855,SUMO1 SMT3C SMT3H3 UBL1 OK/SW-cl.43
1768,Q53GS9,Q99729,0.053553931415081024,SNUT2_HUMAN,ROAA_HUMAN,USP39 CGI-21 HSPC332 PRO2855,HNRNPAB ABBP1 HNRPAB
4378,Q53GS9,Q93008,0.05338374897837639,SNUT2_HUMAN,USP9X_HUMAN,USP39 CGI-21 HSPC332 PRO2855,USP9X DFFRX FAM USP9
6364,Q53GS9,Q96I76,0.05292842164635658,SNUT2_HUMAN,GPTC3_HUMAN,USP39 CGI-21 HSPC332 PRO2855,GPATCH3 GPATC3
14580,Q53GS9,P25205,0.051910996437072754,SNUT2_HUMAN,MCM3_HUMAN,USP39 CGI-21 HSPC332 PRO2855,MCM3
4241,Q53GS9,P62253,0.051898352801799774,SNUT2_HUMAN,UB2G1_HUMAN,USP39 CGI-21 HSPC332 PRO2855,UBE2G1 UBE2G
7356,Q53GS9,Q99627,0.051462091505527496,SNUT2_HUMAN,CSN8_HUMAN,USP39 CGI-21 HSPC332 PRO2855,COPS8 CSN8
3912,Q53GS9,P61081,0.050860483199357986,SNUT2_HUMAN,UBC12_HUMAN,USP39 CGI-21 HSPC332 PRO2855,UBE2M UBC12
136,Q53GS9,Q13107,0.0506606362760067,SNUT2_HUMAN,UBP4_HUMAN,USP39 CGI-21 HSPC332 PRO2855,USP4 UNP UNPH
946,Q53GS9,Q13200,0.047921910881996155,SNUT2_HUMAN,PSMD2_HUMAN,USP39 CGI-21 HSPC332 PRO2855,PSMD2 TRAP2
3262,Q53GS9,Q9Y5T5,0.04675005003809929,SNUT2_HUMAN,UBP16_HUMAN,USP39 CGI-21 HSPC332 PRO2855,USP16 MSTP039
12719,Q53GS9,Q15843,0.04630362614989281,SNUT2_HUMAN,NEDD8_HUMAN,USP39 CGI-21 HSPC332 PRO2855,NEDD8
15931,Q53GS9,P20618,0.04590586572885513,SNUT2_HUMAN,PSB1_HUMAN,USP39 CGI-21 HSPC332 PRO2855,PSMB1 PSC5
20336,Q53GS9,Q9H6E5,0.04538510739803314,SNUT2_HUMAN,STPAP_HUMAN,USP39 CGI-21 HSPC332 PRO2855,TUT1 RBM21
8960,Q53GS9,Q8TDN6,0.04473448917269707,SNUT2_HUMAN,BRX1_HUMAN,USP39 CGI-21 HSPC332 PRO2855,BRIX1 BRIX BXDC2
16100,Q53GS9,Q9Y4Y9,0.04467669501900673,SNUT2_HUMAN,LSM5_HUMAN,USP39 CGI-21 HSPC332 PRO2855,LSM5
3168,Q53GS9,Q9P275,0.04393288120627403,SNUT2_HUMAN,UBP36_HUMAN,USP39 CGI-21 HSPC332 PRO2855,USP36 KIAA1453
13859,Q53GS9,P98073,0.043406110256910324,SNUT2_HUMAN,ENTK_HUMAN,USP39 CGI-21 HSPC332 PRO2855,TMPRSS15 ENTK PRSS7
3352,Q53GS9,P51854,0.04326255992054939,SNUT2_HUMAN,TKTL1_HUMAN,USP39 CGI-21 HSPC332 PRO2855,TKTL1 TKR TKT2
17680,Q53GS9,Q92797,0.04297603294253349,SNUT2_HUMAN,SYMPK_HUMAN,USP39 CGI-21 HSPC332 PRO2855,SYMPK SPK
20288,Q53GS9,P62333,0.0429726205766201,SNUT2_HUMAN,PRS10_HUMAN,USP39 CGI-21 HSPC332 PRO2855,PSMC6 SUG2
3598,Q53GS9,Q96KR1,0.04269995167851448,SNUT2_HUMAN,ZFR_HUMAN,USP39 CGI-21 HSPC332 PRO2855,ZFR
15595,Q53GS9,Q9H2I8,0.04219807684421539,SNUT2_HUMAN,LRMDA_HUMAN,USP39 CGI-21 HSPC332 PRO2855,LRMDA C10orf11 CDA017
3989,Q53GS9,O95218,0.041901107877492905,SNUT2_HUMAN,ZRAB2_HUMAN,USP39 CGI-21 HSPC332 PRO2855,ZRANB2 ZIS ZNF265
2334,Q53GS9,Q96RU2,0.04169994220137596,SNUT2_HUMAN,UBP28_HUMAN,USP39 CGI-21 HSPC332 PRO2855,USP28 KIAA1515
1177,Q53GS9,P52756,0.04162297397851944,SNUT2_HUMAN,RBM5_HUMAN,USP39 CGI-21 HSPC332 PRO2855,RBM5 H37 LUCA15
399,Q53GS9,P08621,0.04156265780329704,SNUT2_HUMAN,RU17_HUMAN,USP39 CGI-21 HSPC332 PRO2855,SNRNP70 RNPU1Z RPU1 SNRP70 U1AP1
1231,Q53GS9,P63279,0.039378635585308075,SNUT2_HUMAN,UBC9_HUMAN,USP39 CGI-21 HSPC332 PRO2855,UBE2I UBC9 UBCE9
3164,Q53GS9,Q9BXU7,0.03876093775033951,SNUT2_HUMAN,UBP26_HUMAN,USP39 CGI-21 HSPC332 PRO2855,USP26
7865,Q53GS9,Q8NFT6,0.03864821046590805,SNUT2_HUMAN,DBF4B_HUMAN,USP39 CGI-21 HSPC332 PRO2855,DBF4B ASKL1 DRF1
14059,Q53GS9,P31153,0.03840039297938347,SNUT2_HUMAN,METK2_HUMAN,USP39 CGI-21 HSPC332 PRO2855,MAT2A AMS2 MATA2
473,Q53GS9,Q92922,0.03767992556095123,SNUT2_HUMAN,SMRC1_HUMAN,USP39 CGI-21 HSPC332 PRO2855,SMARCC1 BAF155
18441,Q53GS9,Q86TG1,0.03713792562484741,SNUT2_HUMAN,T150A_HUMAN,USP39 CGI-21 HSPC332 PRO2855,TMEM150A TMEM150
1119,Q53GS9,Q05086,0.036766864359378815,SNUT2_HUMAN,UBE3A_HUMAN,USP39 CGI-21 HSPC332 PRO2855,UBE3A E6AP EPVE6AP HPVE6A
3697,Q53GS9,O94782,0.03606555610895157,SNUT2_HUMAN,UBP1_HUMAN,USP39 CGI-21 HSPC332 PRO2855,USP1
15583,Q53GS9,P62310,0.03604169189929962,SNUT2_HUMAN,LSM3_HUMAN,USP39 CGI-21 HSPC332 PRO2855,LSM3 MDS017
16471,Q53GS9,Q9UGV2,0.035949889570474625,SNUT2_HUMAN,NDRG3_HUMAN,USP39 CGI-21 HSPC332 PRO2855,NDRG3
11372,Q53GS9,P07910,0.03549088537693024,SNUT2_HUMAN,HNRPC_HUMAN,USP39 CGI-21 HSPC332 PRO2855,HNRNPC HNRPC
135,Q53GS9,Q9P2H5,0.03515367582440376,SNUT2_HUMAN,UBP35_HUMAN,USP39 CGI-21 HSPC332 PRO2855,USP35 KIAA1372 USP34
17529,Q53GS9,Q9Y230,0.035142168402671814,SNUT2_HUMAN,RUVB2_HUMAN,USP39 CGI-21 HSPC332 PRO2855,RUVBL2 INO80J TIP48 TIP49B CGI-46
4525,Q53GS9,Q70CQ3,0.03508375957608223,SNUT2_HUMAN,UBP30_HUMAN,USP39 CGI-21 HSPC332 PRO2855,USP30
15721,Q53GS9,P28066,0.03468187898397446,SNUT2_HUMAN,PSA5_HUMAN,USP39 CGI-21 HSPC332 PRO2855,PSMA5
7348,Q53GS9,Q7L5N1,0.03464103117585182,SNUT2_HUMAN,CSN6_HUMAN,USP39 CGI-21 HSPC332 PRO2855,COPS6 CSN6 HVIP
19492,Q53GS9,Q08170,0.03461406007409096,SNUT2_HUMAN,SRSF4_HUMAN,USP39 CGI-21 HSPC332 PRO2855,SRSF4 SFRS4 SRP75
13761,Q53GS9,Q7Z6Z7,0.03455909714102745,SNUT2_HUMAN,HUWE1_HUMAN,USP39 CGI-21 HSPC332 PRO2855,HUWE1 KIAA0312 KIAA1578 UREB1 HSPC272
12839,Q53GS9,O00182,0.034332990646362305,SNUT2_HUMAN,LEG9_HUMAN,USP39 CGI-21 HSPC332 PRO2855,LGALS9
18468,Q53GS9,Q96LD8,0.03390364721417427,SNUT2_HUMAN,SENP8_HUMAN,USP39 CGI-21 HSPC332 PRO2855,SENP8 DEN1 NEDP1 PRSC2 FKSG8
6868,Q53GS9,Q9UJX4,0.03365705907344818,SNUT2_HUMAN,APC5_HUMAN,USP39 CGI-21 HSPC332 PRO2855,ANAPC5 APC5
17583,Q53GS9,P61218,0.03346498683094978,SNUT2_HUMAN,RPAB2_HUMAN,USP39 CGI-21 HSPC332 PRO2855,POLR2F POLRF
227,Q53GS9,Q86T82,0.03303683176636696,SNUT2_HUMAN,UBP37_HUMAN,USP39 CGI-21 HSPC332 PRO2855,USP37 KIAA1594
10418,Q53GS9,Q92989,0.03244565799832344,SNUT2_HUMAN,CLP1_HUMAN,USP39 CGI-21 HSPC332 PRO2855,CLP1 HEAB
11158,Q53GS9,Q5C9Z4,0.03217150270938873,SNUT2_HUMAN,NOM1_HUMAN,USP39 CGI-21 HSPC332 PRO2855,NOM1 C7orf3
1121,Q53GS9,Q15386,0.03209994360804558,SNUT2_HUMAN,UBE3C_HUMAN,USP39 CGI-21 HSPC332 PRO2855,UBE3C KIAA0010 KIAA10
18009,Q53GS9,O43290,0.03208792209625244,SNUT2_HUMAN,SNUT1_HUMAN,USP39 CGI-21 HSPC332 PRO2855,SART1
19655,Q53GS9,Q15424,0.03155604749917984,SNUT2_HUMAN,SAFB1_HUMAN,USP39 CGI-21 HSPC332 PRO2855,SAFB HAP HET SAFB1
8345,Q53GS9,O00303,0.030970491468906403,SNUT2_HUMAN,EIF3F_HUMAN,USP39 CGI-21 HSPC332 PRO2855,EIF3F EIF3S5
8973,Q53GS9,Q9BXC9,0.03072234056890011,SNUT2_HUMAN,BBS2_HUMAN,USP39 CGI-21 HSPC332 PRO2855,BBS2
4572,Q53GS9,Q9Y6I4,0.03064018487930298,SNUT2_HUMAN,UBP3_HUMAN,USP39 CGI-21 HSPC332 PRO2855,USP3
19755,Q53GS9,Q08J23,0.03040512651205063,SNUT2_HUMAN,NSUN2_HUMAN,USP39 CGI-21 HSPC332 PRO2855,NSUN2 SAKI TRM4
18074,Q53GS9,O94966,0.030363084748387337,SNUT2_HUMAN,UBP19_HUMAN,USP39 CGI-21 HSPC332 PRO2855,USP19 KIAA0891 ZMYND9
6626,Q53GS9,Q5SZQ8,0.029631832614541054,SNUT2_HUMAN,CELF3_HUMAN,USP39 CGI-21 HSPC332 PRO2855,CELF3 BRUNOL1 CAGH4 ERDA4 TNRC4
11373,Q53GS9,O43390,0.02952932007610798,SNUT2_HUMAN,HNRPR_HUMAN,USP39 CGI-21 HSPC332 PRO2855,HNRNPR HNRPR
1024,Q53GS9,P0CG48,0.029486488550901413,SNUT2_HUMAN,UBC_HUMAN,USP39 CGI-21 HSPC332 PRO2855,UBC
19637,Q53GS9,Q96FV9,0.029294313862919807,SNUT2_HUMAN,THOC1_HUMAN,USP39 CGI-21 HSPC332 PRO2855,THOC1 HPR1
4739,Q53GS9,Q9UK80,0.028940582647919655,SNUT2_HUMAN,UBP21_HUMAN,USP39 CGI-21 HSPC332 PRO2855,USP21 USP23 PP1490
15323,Q53GS9,P62312,0.028888145461678505,SNUT2_HUMAN,LSM6_HUMAN,USP39 CGI-21 HSPC332 PRO2855,LSM6
9829,Q53GS9,Q9BT78,0.0285317525267601,SNUT2_HUMAN,CSN4_HUMAN,USP39 CGI-21 HSPC332 PRO2855,COPS4 CSN4
18078,Q53GS9,Q9H9J4,0.02836449444293976,SNUT2_HUMAN,UBP42_HUMAN,USP39 CGI-21 HSPC332 PRO2855,USP42
8600,Q53GS9,Q96F86,0.02828332781791687,SNUT2_HUMAN,EDC3_HUMAN,USP39 CGI-21 HSPC332 PRO2855,EDC3 LSM16 YJDC YJEFN2 PP844
7851,Q53GS9,P33240,0.027156831696629524,SNUT2_HUMAN,CSTF2_HUMAN,USP39 CGI-21 HSPC332 PRO2855,CSTF2
16831,Q53GS9,P33992,0.026724038645625114,SNUT2_HUMAN,MCM5_HUMAN,USP39 CGI-21 HSPC332 PRO2855,MCM5 CDC46
4372,Q53GS9,Q70CQ1,0.02661830559372902,SNUT2_HUMAN,UBP49_HUMAN,USP39 CGI-21 HSPC332 PRO2855,USP49
18837,Q53GS9,Q8NCE2,0.02607816830277443,SNUT2_HUMAN,MTMRE_HUMAN,USP39 CGI-21 HSPC332 PRO2855,MTMR14 C3orf29
6040,Q53GS9,O75208,0.02590116858482361,SNUT2_HUMAN,COQ9_HUMAN,USP39 CGI-21 HSPC332 PRO2855,COQ9 C16orf49 HSPC326 PSEC0129
390,Q53GS9,P62306,0.025377701967954636,SNUT2_HUMAN,RUXF_HUMAN,USP39 CGI-21 HSPC332 PRO2855,SNRPF PBSCF
18121,Q53GS9,Q12874,0.025275133550167084,SNUT2_HUMAN,SF3A3_HUMAN,USP39 CGI-21 HSPC332 PRO2855,SF3A3 SAP61
2712,Q53GS9,Q5TGL8,0.02524021826684475,SNUT2_HUMAN,PXDC1_HUMAN,USP39 CGI-21 HSPC332 PRO2855,PXDC1 C6orf145
661,Q53GS9,Q86UV5,0.024945298209786415,SNUT2_HUMAN,UBP48_HUMAN,USP39 CGI-21 HSPC332 PRO2855,USP48 USP31
1888,Q53GS9,Q15637,0.02491607517004013,SNUT2_HUMAN,SF01_HUMAN,USP39 CGI-21 HSPC332 PRO2855,SF1 ZFM1 ZNF162
4371,Q53GS9,Q70EL4,0.02466222457587719,SNUT2_HUMAN,UBP43_HUMAN,USP39 CGI-21 HSPC332 PRO2855,USP43
3370,Q53GS9,Q9Y5K5,0.024593519046902657,SNUT2_HUMAN,UCHL5_HUMAN,USP39 CGI-21 HSPC332 PRO2855,UCHL5 UCH37 AD-019 CGI-70
684,Q53GS9,P52434,0.024492355063557625,SNUT2_HUMAN,RPAB3_HUMAN,USP39 CGI-21 HSPC332 PRO2855,POLR2H
1456,Q53GS9,Q9HBJ7,0.024237455800175667,SNUT2_HUMAN,UBP29_HUMAN,USP39 CGI-21 HSPC332 PRO2855,USP29
5073,Q53GS9,Q9Y4W6,0.02389139123260975,SNUT2_HUMAN,AFG32_HUMAN,USP39 CGI-21 HSPC332 PRO2855,AFG3L2
655,Q53GS9,P15374,0.023163950070738792,SNUT2_HUMAN,UCHL3_HUMAN,USP39 CGI-21 HSPC332 PRO2855,UCHL3
658,Q53GS9,P45974,0.02316291444003582,SNUT2_HUMAN,UBP5_HUMAN,USP39 CGI-21 HSPC332 PRO2855,USP5 ISOT
17683,Q53GS9,P62304,0.023013683035969734,SNUT2_HUMAN,RUXE_HUMAN,USP39 CGI-21 HSPC332 PRO2855,SNRPE
16026,Q53GS9,P34932,0.022876901552081108,SNUT2_HUMAN,HSP74_HUMAN,USP39 CGI-21 HSPC332 PRO2855,HSPA4 APG2
1126,Q53GS9,O14562,0.022646427154541016,SNUT2_HUMAN,UBFD1_HUMAN,USP39 CGI-21 HSPC332 PRO2855,UBFD1 UBPH
2316,Q53GS9,Q9BWJ5,0.022512666881084442,SNUT2_HUMAN,SF3B5_HUMAN,USP39 CGI-21 HSPC332 PRO2855,SF3B5 SF3B10
1458,Q53GS9,Q8TEY7,0.022416217252612114,SNUT2_HUMAN,UBP33_HUMAN,USP39 CGI-21 HSPC332 PRO2855,USP33 KIAA1097 VDU1
1747,Q53GS9,Q9NWS8,0.022336620837450027,SNUT2_HUMAN,RMND1_HUMAN,USP39 CGI-21 HSPC332 PRO2855,RMND1 C6orf96
2857,Q53GS9,Q9NVE5,0.022287826985120773,SNUT2_HUMAN,UBP40_HUMAN,USP39 CGI-21 HSPC332 PRO2855,USP40
2564,Q53GS9,Q3LFD5,0.022100022062659264,SNUT2_HUMAN,UBP41_HUMAN,USP39 CGI-21 HSPC332 PRO2855,USP41
1224,Q53GS9,P54578,0.022036075592041016,SNUT2_HUMAN,UBP14_HUMAN,USP39 CGI-21 HSPC332 PRO2855,USP14 TGT
14569,Q53GS9,P49736,0.021593758836388588,SNUT2_HUMAN,MCM2_HUMAN,USP39 CGI-21 HSPC332 PRO2855,MCM2 BM28 CCNL1 CDCL1 KIAA0030
4319,Q53GS9,Q8NB14,0.02110803686082363,SNUT2_HUMAN,UBP38_HUMAN,USP39 CGI-21 HSPC332 PRO2855,USP38 KIAA1891
659,Q53GS9,P40818,0.020968761295080185,SNUT2_HUMAN,UBP8_HUMAN,USP39 CGI-21 HSPC332 PRO2855,USP8 KIAA0055 UBPY
10546,Q53GS9,Q86VR8,0.02053426019847393,SNUT2_HUMAN,FJX1_HUMAN,USP39 CGI-21 HSPC332 PRO2855,FJX1
19619,Q53GS9,P13984,0.020309200510382652,SNUT2_HUMAN,T2FB_HUMAN,USP39 CGI-21 HSPC332 PRO2855,GTF2F2 RAP30
12853,Q53GS9,O95777,0.020287418738007545,SNUT2_HUMAN,LSM8_HUMAN,USP39 CGI-21 HSPC332 PRO2855,LSM8
10761,Q53GS9,Q96A72,0.02007710188627243,SNUT2_HUMAN,MGN2_HUMAN,USP39 CGI-21 HSPC332 PRO2855,MAGOHB MAGOH2
3169,Q53GS9,Q9H0E7,0.02005699835717678,SNUT2_HUMAN,UBP44_HUMAN,USP39 CGI-21 HSPC332 PRO2855,USP44
14876,Q53GS9,P25789,0.01933910697698593,SNUT2_HUMAN,PSA4_HUMAN,USP39 CGI-21 HSPC332 PRO2855,PSMA4 HC9 PSC9
3576,Q53GS9,P51784,0.01882609911262989,SNUT2_HUMAN,UBP11_HUMAN,USP39 CGI-21 HSPC332 PRO2855,USP11 UHX1
3631,Q53GS9,Q96ES7,0.018811045214533806,SNUT2_HUMAN,SGF29_HUMAN,USP39 CGI-21 HSPC332 PRO2855,SGF29 CCDC101
656,Q53GS9,Q9UPU5,0.018747342750430107,SNUT2_HUMAN,UBP24_HUMAN,USP39 CGI-21 HSPC332 PRO2855,USP24 KIAA1057
15643,Q53GS9,Q92733,0.01842702180147171,SNUT2_HUMAN,PRCC_HUMAN,USP39 CGI-21 HSPC332 PRO2855,PRCC TPRC
18044,Q53GS9,O75317,0.018394658342003822,SNUT2_HUMAN,UBP12_HUMAN,USP39 CGI-21 HSPC332 PRO2855,USP12 UBH1 USP12L1
1010,Q53GS9,A6NNY8,0.018357200548052788,SNUT2_HUMAN,UBP27_HUMAN,USP39 CGI-21 HSPC332 PRO2855,USP27X USP22L USP27
771,Q53GS9,O95630,0.018048377707600594,SNUT2_HUMAN,STABP_HUMAN,USP39 CGI-21 HSPC332 PRO2855,STAMBP AMSH
17578,Q53GS9,P19388,0.017949692904949188,SNUT2_HUMAN,RPAB1_HUMAN,USP39 CGI-21 HSPC332 PRO2855,POLR2E
3194,Q53GS9,P51665,0.01731838472187519,SNUT2_HUMAN,PSMD7_HUMAN,USP39 CGI-21 HSPC332 PRO2855,PSMD7 MOV34L
11585,Q53GS9,P42285,0.017020417377352715,SNUT2_HUMAN,MTREX_HUMAN,USP39 CGI-21 HSPC332 PRO2855,MTREX DOB1 KIAA0052 MTR4 SKIV2L2
5268,Q53GS9,P20290,0.01688351109623909,SNUT2_HUMAN,BTF3_HUMAN,USP39 CGI-21 HSPC332 PRO2855,BTF3 NACB OK/SW-cl.8
4550,Q53GS9,Q9UJT1,0.01664542965590954,SNUT2_HUMAN,TBD_HUMAN,USP39 CGI-21 HSPC332 PRO2855,TUBD1 TUBD
2400,Q53GS9,Q9UHP3,0.01655234582722187,SNUT2_HUMAN,UBP25_HUMAN,USP39 CGI-21 HSPC332 PRO2855,USP25 USP21
1442,Q53GS9,Q9NRH3,0.016072282567620277,SNUT2_HUMAN,TBG2_HUMAN,USP39 CGI-21 HSPC332 PRO2855,TUBG2
10765,Q53GS9,P61326,0.016064932569861412,SNUT2_HUMAN,MGN_HUMAN,USP39 CGI-21 HSPC332 PRO2855,MAGOH MAGOHA
3265,Q53GS9,Q13564,0.015882911160588264,SNUT2_HUMAN,ULA1_HUMAN,USP39 CGI-21 HSPC332 PRO2855,NAE1 APPBP1 HPP1
17885,Q53GS9,Q96DV4,0.01424961443990469,SNUT2_HUMAN,RM38_HUMAN,USP39 CGI-21 HSPC332 PRO2855,MRPL38 HSPC262
17404,Q53GS9,P11182,0.014075388200581074,SNUT2_HUMAN,ODB2_HUMAN,USP39 CGI-21 HSPC332 PRO2855,DBT BCATE2
1375,Q53GS9,P78563,0.013926920481026173,SNUT2_HUMAN,RED1_HUMAN,USP39 CGI-21 HSPC332 PRO2855,ADARB1 ADAR2 DRADA2 RED1
13913,Q53GS9,P11142,0.013898162171244621,SNUT2_HUMAN,HSP7C_HUMAN,USP39 CGI-21 HSPC332 PRO2855,HSPA8 HSC70 HSP73 HSPA10
19570,Q53GS9,O00487,0.01375944446772337,SNUT2_HUMAN,PSDE_HUMAN,USP39 CGI-21 HSPC332 PRO2855,PSMD14 POH1
1171,Q53GS9,Q9UHX1,0.012970411218702793,SNUT2_HUMAN,PUF60_HUMAN,USP39 CGI-21 HSPC332 PRO2855,PUF60 FIR ROBPI SIAHBP1
7281,Q53GS9,Q5T2E6,0.012894252315163612,SNUT2_HUMAN,ARMD3_HUMAN,USP39 CGI-21 HSPC332 PRO2855,ARMH3 C10orf76
137,Q53GS9,Q70EL2,0.012694397009909153,SNUT2_HUMAN,UBP45_HUMAN,USP39 CGI-21 HSPC332 PRO2855,USP45
8588,Q53GS9,O15371,0.01254031341522932,SNUT2_HUMAN,EIF3D_HUMAN,USP39 CGI-21 HSPC332 PRO2855,EIF3D EIF3S7
935,Q53GS9,Q70EK9,0.012332289479672909,SNUT2_HUMAN,UBP51_HUMAN,USP39 CGI-21 HSPC332 PRO2855,USP51
4316,Q53GS9,Q96K76,0.012329990044236183,SNUT2_HUMAN,UBP47_HUMAN,USP39 CGI-21 HSPC332 PRO2855,USP47
17150,Q53GS9,Q05519,0.012314517982304096,SNUT2_HUMAN,SRS11_HUMAN,USP39 CGI-21 HSPC332 PRO2855,SRSF11 SFRS11
12702,Q53GS9,O95751,0.012279398739337921,SNUT2_HUMAN,LDOC1_HUMAN,USP39 CGI-21 HSPC332 PRO2855,LDOC1 BCUR1
9794,Q53GS9,Q9BUX1,0.012177740223705769,SNUT2_HUMAN,CHAC1_HUMAN,USP39 CGI-21 HSPC332 PRO2855,CHAC1 BOTCH
17659,Q53GS9,Q96N64,0.012006320990622044,SNUT2_HUMAN,PWP2A_HUMAN,USP39 CGI-21 HSPC332 PRO2855,PWWP2A KIAA1935 MST101
4887,Q53GS9,Q8NFA0,0.011927204206585884,SNUT2_HUMAN,UBP32_HUMAN,USP39 CGI-21 HSPC332 PRO2855,USP32 USP10
10958,Q53GS9,Q12905,0.011570184491574764,SNUT2_HUMAN,ILF2_HUMAN,USP39 CGI-21 HSPC332 PRO2855,ILF2 NF45 PRO3063
224,Q53GS9,Q92995,0.011196894571185112,SNUT2_HUMAN,UBP13_HUMAN,USP39 CGI-21 HSPC332 PRO2855,USP13 ISOT3
10656,Q53GS9,Q92598,0.01057271845638752,SNUT2_HUMAN,HS105_HUMAN,USP39 CGI-21 HSPC332 PRO2855,HSPH1 HSP105 HSP110 KIAA0201
2734,Q53GS9,P23258,0.010291908867657185,SNUT2_HUMAN,TBG1_HUMAN,USP39 CGI-21 HSPC332 PRO2855,TUBG1 TUBG
9849,Q53GS9,Q9NXE8,0.010095536708831787,SNUT2_HUMAN,CWC25_HUMAN,USP39 CGI-21 HSPC332 PRO2855,CWC25 CCDC49
17600,Q53GS9,O43159,0.009824274107813835,SNUT2_HUMAN,RRP8_HUMAN,USP39 CGI-21 HSPC332 PRO2855,RRP8 KIAA0409 NML hucep-1
14499,Q53GS9,Q01804,0.009694668464362621,SNUT2_HUMAN,OTUD4_HUMAN,USP39 CGI-21 HSPC332 PRO2855,OTUD4 HIN-1 KIAA1046
6220,Q53GS9,Q8N1I0,0.009455179795622826,SNUT2_HUMAN,DOCK4_HUMAN,USP39 CGI-21 HSPC332 PRO2855,DOCK4 KIAA0716
13234,Q53GS9,Q9UI10,0.00903863925486803,SNUT2_HUMAN,EI2BD_HUMAN,USP39 CGI-21 HSPC332 PRO2855,EIF2B4 EIF2BD
2420,Q53GS9,Q99436,0.008868512697517872,SNUT2_HUMAN,PSB7_HUMAN,USP39 CGI-21 HSPC332 PRO2855,PSMB7 Z
4430,Q53GS9,P40306,0.008268129080533981,SNUT2_HUMAN,PSB10_HUMAN,USP39 CGI-21 HSPC332 PRO2855,PSMB10 LMP10 MECL1
3588,Q53GS9,Q04323,0.008163214661180973,SNUT2_HUMAN,UBXN1_HUMAN,USP39 CGI-21 HSPC332 PRO2855,UBXN1 SAKS1
17590,Q53GS9,O15514,0.007974648848176003,SNUT2_HUMAN,RPB4_HUMAN,USP39 CGI-21 HSPC332 PRO2855,POLR2D
3399,Q53GS9,Q9UQ90,0.007831891067326069,SNUT2_HUMAN,SPG7_HUMAN,USP39 CGI-21 HSPC332 PRO2855,SPG7 CAR CMAR PGN
2625,Q53GS9,Q70EL3,0.007629516534507275,SNUT2_HUMAN,UBP50_HUMAN,USP39 CGI-21 HSPC332 PRO2855,USP50
14380,Q53GS9,P49915,0.00726511562243104,SNUT2_HUMAN,GUAA_HUMAN,USP39 CGI-21 HSPC332 PRO2855,GMPS
16244,Q53GS9,O60828,0.00716173741966486,SNUT2_HUMAN,PQBP1_HUMAN,USP39 CGI-21 HSPC332 PRO2855,PQBP1 NPW38 JM26
18576,Q53GS9,O75940,0.007068231701850891,SNUT2_HUMAN,SPF30_HUMAN,USP39 CGI-21 HSPC332 PRO2855,SMNDC1 SMNR SPF30
14705,Q53GS9,Q5VVJ2,0.006946035195142031,SNUT2_HUMAN,MYSM1_HUMAN,USP39 CGI-21 HSPC332 PRO2855,MYSM1 KIAA1915
4936,Q53GS9,Q86VM9,0.006913597229868174,SNUT2_HUMAN,ZCH18_HUMAN,USP39 CGI-21 HSPC332 PRO2855,ZC3H18 NHN1
2852,Q53GS9,Q9UPT9,0.00689411535859108,SNUT2_HUMAN,UBP22_HUMAN,USP39 CGI-21 HSPC332 PRO2855,USP22 KIAA1063 USP3L
7910,Q53GS9,P39748,0.00678657554090023,SNUT2_HUMAN,FEN1_HUMAN,USP39 CGI-21 HSPC332 PRO2855,FEN1 RAD2
16790,Q53GS9,O00232,0.006194099318236113,SNUT2_HUMAN,PSD12_HUMAN,USP39 CGI-21 HSPC332 PRO2855,PSMD12
469,Q53GS9,Q8TAQ2,0.005766049958765507,SNUT2_HUMAN,SMRC2_HUMAN,USP39 CGI-21 HSPC332 PRO2855,SMARCC2 BAF170
3519,Q53GS9,P62308,0.005540440324693918,SNUT2_HUMAN,RUXG_HUMAN,USP39 CGI-21 HSPC332 PRO2855,SNRPG PBSCG
9075,Q53GS9,Q9UBU7,0.005459981504827738,SNUT2_HUMAN,DBF4A_HUMAN,USP39 CGI-21 HSPC332 PRO2855,DBF4 ASK DBF4A ZDBF1
19653,Q53GS9,Q9UBT2,0.005072720814496279,SNUT2_HUMAN,SAE2_HUMAN,USP39 CGI-21 HSPC332 PRO2855,UBA2 SAE2 UBLE1B HRIHFB2115
16219,Q53GS9,Q8IZP6,0.00501400139182806,SNUT2_HUMAN,R113B_HUMAN,USP39 CGI-21 HSPC332 PRO2855,RNF113B RNF161 ZNF183L1
3053,Q53GS9,O75554,0.0050139776431024075,SNUT2_HUMAN,WBP4_HUMAN,USP39 CGI-21 HSPC332 PRO2855,WBP4 FBP21 FNBP21
17391,Q53GS9,Q96G74,0.004956912714987993,SNUT2_HUMAN,OTUD5_HUMAN,USP39 CGI-21 HSPC332 PRO2855,OTUD5
8984,Q53GS9,Q8IX12,0.0049202218651771545,SNUT2_HUMAN,CCAR1_HUMAN,USP39 CGI-21 HSPC332 PRO2855,CCAR1 CARP1 DIS
20245,Q53GS9,Q8N6M0,0.0048637231811881065,SNUT2_HUMAN,OTU6B_HUMAN,USP39 CGI-21 HSPC332 PRO2855,OTUD6B DUBA5 CGI-77
2938,Q53GS9,P35125,0.0047666775062680244,SNUT2_HUMAN,UBP6_HUMAN,USP39 CGI-21 HSPC332 PRO2855,USP6 HRP1 TRE2
3014,Q53GS9,O14776,0.0047117858193814754,SNUT2_HUMAN,TCRG1_HUMAN,USP39 CGI-21 HSPC332 PRO2855,TCERG1 CA150 TAF2S
19650,Q53GS9,Q9UBE0,0.0046023097820580006,SNUT2_HUMAN,SAE1_HUMAN,USP39 CGI-21 HSPC332 PRO2855,SAE1 AOS1 SUA1 UBLE1A
9355,Q53GS9,Q9P2I0,0.004393358249217272,SNUT2_HUMAN,CPSF2_HUMAN,USP39 CGI-21 HSPC332 PRO2855,CPSF2 CPSF100 KIAA1367
3659,Q53GS9,P61956,0.004384336527436972,SNUT2_HUMAN,SUMO2_HUMAN,USP39 CGI-21 HSPC332 PRO2855,SUMO2 SMT3B SMT3H2
5571,Q53GS9,O60306,0.00423103291541338,SNUT2_HUMAN,AQR_HUMAN,USP39 CGI-21 HSPC332 PRO2855,AQR KIAA0560
6766,Q53GS9,Q92560,0.004035152029246092,SNUT2_HUMAN,BAP1_HUMAN,USP39 CGI-21 HSPC332 PRO2855,BAP1 KIAA0272 hucep-6
9117,Q53GS9,Q99613,0.004030086565762758,SNUT2_HUMAN,EIF3C_HUMAN,USP39 CGI-21 HSPC332 PRO2855,EIF3C EIF3S8
14514,Q53GS9,Q9H307,0.003550952998921275,SNUT2_HUMAN,PININ_HUMAN,USP39 CGI-21 HSPC332 PRO2855,PNN DRS MEMA
18917,Q53GS9,Q9NTI5,0.003308388404548168,SNUT2_HUMAN,PDS5B_HUMAN,USP39 CGI-21 HSPC332 PRO2855,PDS5B APRIN AS3 KIAA0979
19385,Q53GS9,Q504Q3,0.003286137944087386,SNUT2_HUMAN,PAN2_HUMAN,USP39 CGI-21 HSPC332 PRO2855,PAN2 KIAA0710 USP52
728,Q53GS9,P63208,0.002923473482951522,SNUT2_HUMAN,SKP1_HUMAN,USP39 CGI-21 HSPC332 PRO2855,SKP1 EMC19 OCP2 SKP1A TCEB1L
18731,Q53GS9,O75665,0.002838999032974243,SNUT2_HUMAN,OFD1_HUMAN,USP39 CGI-21 HSPC332 PRO2855,OFD1 CXorf5
19423,Q53GS9,Q6P2Q9,0.0028156612534075975,SNUT2_HUMAN,PRP8_HUMAN,USP39 CGI-21 HSPC332 PRO2855,PRPF8 PRPC8
18459,Q53GS9,Q6PCB5,0.002671190071851015,SNUT2_HUMAN,RSBNL_HUMAN,USP39 CGI-21 HSPC332 PRO2855,RSBN1L
3301,Q53GS9,Q8N1F7,0.0024737808853387833,SNUT2_HUMAN,NUP93_HUMAN,USP39 CGI-21 HSPC332 PRO2855,NUP93 KIAA0095
19120,Q53GS9,P30876,0.0021132524125277996,SNUT2_HUMAN,RPB2_HUMAN,USP39 CGI-21 HSPC332 PRO2855,POLR2B
17046,Q53GS9,Q13573,0.002003455301746726,SNUT2_HUMAN,SNW1_HUMAN,USP39 CGI-21 HSPC332 PRO2855,SNW1 SKIIP SKIP
5840,Q53GS9,Q96FW1,0.0015439690323546529,SNUT2_HUMAN,OTUB1_HUMAN,USP39 CGI-21 HSPC332 PRO2855,OTUB1 OTB1 OTU1 HSPC263
3723,Q53GS9,Q9UGI0,0.001489840797148645,SNUT2_HUMAN,ZRAN1_HUMAN,USP39 CGI-21 HSPC332 PRO2855,ZRANB1 TRABID
17302,Q53GS9,Q15040,0.00122448755428195,SNUT2_HUMAN,JOS1_HUMAN,USP39 CGI-21 HSPC332 PRO2855,JOSD1 JSPH1 KIAA0063
19616,Q53GS9,P35269,0.00118583207949996,SNUT2_HUMAN,T2FA_HUMAN,USP39 CGI-21 HSPC332 PRO2855,GTF2F1 RAP74
2728,Q53GS9,P78345,0.0011588482884690166,SNUT2_HUMAN,RPP38_HUMAN,USP39 CGI-21 HSPC332 PRO2855,RPP38
1005,Q53GS9,Q8IYB3,0.0011532942298799753,SNUT2_HUMAN,SRRM1_HUMAN,USP39 CGI-21 HSPC332 PRO2855,SRRM1 SRM160
18256,Q53GS9,O94855,0.0010520498035475612,SNUT2_HUMAN,SC24D_HUMAN,USP39 CGI-21 HSPC332 PRO2855,SEC24D KIAA0755
8433,Q53GS9,P22087,0.0010063109220936894,SNUT2_HUMAN,FBRL_HUMAN,USP39 CGI-21 HSPC332 PRO2855,FBL FIB1 FLRN
10057,Q53GS9,B5ME19,0.0009556262521073222,SNUT2_HUMAN,EIFCL_HUMAN,USP39 CGI-21 HSPC332 PRO2855,EIF3CL
1586,Q53GS9,Q9BQ65,0.0008697750745341182,SNUT2_HUMAN,USB1_HUMAN,USP39 CGI-21 HSPC332 PRO2855,USB1 C16orf57
623,Q53GS9,Q6NWY9,0.0008004207047633827,SNUT2_HUMAN,PR40B_HUMAN,USP39 CGI-21 HSPC332 PRO2855,PRPF40B HYPC
5481,Q53GS9,Q9UNS2,0.0007479765918105841,SNUT2_HUMAN,CSN3_HUMAN,USP39 CGI-21 HSPC332 PRO2855,COPS3 CSN3
3699,Q53GS9,Q70EK8,0.0006131033296696842,SNUT2_HUMAN,UBP53_HUMAN,USP39 CGI-21 HSPC332 PRO2855,USP53 KIAA1350
2566,Q53GS9,Q70EL1,0.000493363942950964,SNUT2_HUMAN,UBP54_HUMAN,USP39 CGI-21 HSPC332 PRO2855,USP54 C10orf29
9618,Q53GS9,Q9NP73,0.0004927006084471941,SNUT2_HUMAN,ALG13_HUMAN,USP39 CGI-21 HSPC332 PRO2855,ALG13 CXorf45 GLT28D1 MDS031
7099,Q53GS9,Q9UKF6,0.0004432685091160238,SNUT2_HUMAN,CPSF3_HUMAN,USP39 CGI-21 HSPC332 PRO2855,CPSF3 CPSF73
7861,Q53GS9,Q96HY6,0.0004400184261612594,SNUT2_HUMAN,DDRGK_HUMAN,USP39 CGI-21 HSPC332 PRO2855,DDRGK1 C20orf116 UFBP1
4434,Q53GS9,Q5VTL8,0.0004392031114548445,SNUT2_HUMAN,PR38B_HUMAN,USP39 CGI-21 HSPC332 PRO2855,PRPF38B
17458,Q53GS9,O75400,0.00037307364982552826,SNUT2_HUMAN,PR40A_HUMAN,USP39 CGI-21 HSPC332 PRO2855,PRPF40A FBP11 FLAF1 FNBP3 HIP10 HYPA HSPC225
2325,Q53GS9,Q9BXP5,0.0003618286573328078,SNUT2_HUMAN,SRRT_HUMAN,USP39 CGI-21 HSPC332 PRO2855,SRRT ARS2 ASR2
6157,Q53GS9,Q13616,0.00029293488478288054,SNUT2_HUMAN,CUL1_HUMAN,USP39 CGI-21 HSPC332 PRO2855,CUL1
7102,Q53GS9,Q8WYA6,0.0002911240444518626,SNUT2_HUMAN,CTBL1_HUMAN,USP39 CGI-21 HSPC332 PRO2855,CTNNBL1 C20orf33 PP8304
12034,Q53GS9,Q9UFF9,0.0002595516561996192,SNUT2_HUMAN,CNOT8_HUMAN,USP39 CGI-21 HSPC332 PRO2855,CNOT8 CALIF POP2
20252,Q53GS9,Q6GQQ9,0.00020272565598133951,SNUT2_HUMAN,OTU7B_HUMAN,USP39 CGI-21 HSPC332 PRO2855,OTUD7B ZA20D1
17023,Q53GS9,P53992,0.0001429446565452963,SNUT2_HUMAN,SC24C_HUMAN,USP39 CGI-21 HSPC332 PRO2855,SEC24C KIAA0079
3466,Q53GS9,Q6PJT7,0.000126699946122244,SNUT2_HUMAN,ZC3HE_HUMAN,USP39 CGI-21 HSPC332 PRO2855,ZC3H14
18591,Q53GS9,Q8WVY7,0.00012401551066432148,SNUT2_HUMAN,UBCP1_HUMAN,USP39 CGI-21 HSPC332 PRO2855,UBLCP1
1138,Q53GS9,Q12789,0.00012119827442802489,SNUT2_HUMAN,TF3C1_HUMAN,USP39 CGI-21 HSPC332 PRO2855,GTF3C1
2725,Q53GS9,P18583,8.339943451574072e-05,SNUT2_HUMAN,SON_HUMAN,USP39 CGI-21 HSPC332 PRO2855,SON C21orf50 DBP5 KIAA1019 NREBP HSPC310 HSPC312
13098,Q53GS9,Q9NQC7,2.4483329980284907e-05,SNUT2_HUMAN,CYLD_HUMAN,USP39 CGI-21 HSPC332 PRO2855,CYLD CYLD1 KIAA0849 HSPC057
19643,Q53GS9,Q13428,1.1934954272874165e-05,SNUT2_HUMAN,TCOF_HUMAN,USP39 CGI-21 HSPC332 PRO2855,TCOF1
11501,Q53GS9,Q9ULK4,5.379663889470976e-06,SNUT2_HUMAN,MED23_HUMAN,USP39 CGI-21 HSPC332 PRO2855,MED23 ARC130 CRSP3 DRIP130 KIAA1216 SUR2
17898,Q53GS9,Q9UQ35,2.8363658088892407e-09,SNUT2_HUMAN,SRRM2_HUMAN,USP39 CGI-21 HSPC332 PRO2855,SRRM2 KIAA0324 SRL300 SRM300 HSPC075
